0.728379273288,1462105619.91,4.4638792272,0.337688771084,0.560682631961,5.2144652221,0.221730030953,1.32707662678,0.0883296674233
0.8342808801,1462105656.85,0.499358440561,1.33439640821,0.230529617134,0.473053072799,10.1453520281,0.26236872412,0.361489832746
0.457465325159,1462105694.26,1.01606224791,0.497163196445,1.37034779594,0.668430777662,1.38920269433,0.387985837022,0.0718407282657
0.40458597888,1462105731.19,8.20136857742,0.515661154551,1.0837322719,0.0593783557147,1.11065189033,0.554327931095,1.68045463819
0.434533925714,1462105768.11,1.04543800347,0.564503055496,0.429370049891,1.11245062249,0.523273025388,1.75521602996,5.65416389718
0.542022728911,1462105804.34,2.5313692512,0.670320716895,1.5826923943,3.72568121837,0.285566448043,2.01041961932,0.453329887909
0.422008321809,1462105842.13,2.10351299382,0.196162598803,1.01608172861,1.58800771728,1.21344665838,0.466374446024,0.767866974123
0.45257096626,1462105879.17,0.295353303949,0.652097729094,2.28947725566,0.988039643935,1.16546876769,0.351441092063,0.391705251278
0.438546455946,1462105917.37,1.2539429892,1.56866228922,0.47330410013,1.46470614423,0.285197013474,4.8702542658,0.452642826497
0.486448673798,1462105953.48,6.97527631579,0.578161802739,0.579885371732,3.15344697816,1.78021581751,1.63940330228,0.898298231049
0.400563649964,1462105991.52,0.715045658196,0.357433454827,0.530327595223,0.368251481911,0.658899720489,5.12545949668,2.54263251449
0.419999908635,1462106027.73,7.43267626104,0.799063025703,2.1827523042,1.39949950142,1.34333140063,2.41661104191,2.6389919709
0.40715774696,1462106065.25,5.90867361079,0.282279946022,0.586557773256,1.55194368918,0.74234390986,1.42624744958,1.72101247849
0.405559881736,1462106101.96,0.793570869227,0.855229480312,0.49130935861,0.283234517022,0.663035734332,0.607460310749,0.703918347852
0.456709412094,1462106139.87,4.94497083684,2.97658147882,0.665050225464,2.68223311885,0.512899931428,91.4452383538,2.22791287275
0.427451690162,1462106177.22,4.62488330918,2.31716381035,0.294271170235,0.629289384827,0.88212718191,1.38032532699,1.05177799647
0.579367283782,1462106214.76,0.915573864104,5.19515422725,0.365224448878,0.431626721251,0.737894227294,0.743035826777,0.7572994692
0.472044528242,1462106251.82,1.5589200072,0.62677489543,0.968576769272,2.72250801376,0.436879256505,1.20379626139,0.591285821703
0.415738267756,1462106289.39,3.55372659787,1.04640073747,0.461566056473,1.61485555349,0.582002312271,0.911085376257,1.1168542094
0.421106142422,1462106326.02,3.87111582367,1.13853191119,0.721651302718,0.769010848361,1.60302145434,2.73410425569,0.691510315154
0.443590390728,1462106363.14,166.734673943,0.0410060555387,1.03291443158,0.0356911520083,0.958884630497,0.107322738526,3.64597382868
0.597942631142,1462106399.92,27.8828781432,0.37541480532,5.30260730963,0.110755174724,2.10827711595,10.1124864493,1.42127007236
0.416368341325,1462106438.1,0.604938404502,0.228806738362,1.22722728926,0.132769789237,0.0732634581561,11.4147600401,2.96293141177
0.405140631757,1462106475.49,0.0520833494315,0.376122250573,0.100643994416,0.0231290828368,1.07831875426,5.16164930917,1.87213715378
0.426656436796,1462106513.03,17.1806152766,0.450381441988,0.874326102617,0.0655077335953,2.63365181092,0.23449748349,4.54308218897
0.40548089622,1462106550.71,0.590298664335,0.278661686879,1.19725762702,0.20966597589,0.867356764032,0.586978588642,1.36101462284
0.444746159592,1462106587.87,11.069324733,0.159769982431,0.841109887758,0.0101240877527,3.44141448127,4.96055631358,2.33964448551
0.410383679427,1462106624.94,0.461769185153,0.476919720673,1.13924605924,0.0580265298276,0.412756486913,4.40372625469,3.22400161805
0.417327409242,1462106662.11,39.2855010539,0.316777177734,1.44780408339,0.212090427343,0.866376637513,8.05173168889,1.89987655196
0.399993852409,1462106699.21,0.288545266067,0.415545237547,0.249120318358,0.366004377197,1.02059341895,20.3895317332,1.36633388173
0.419393378158,1462106741.41,0.182638166478,0.105933665602,0.157548596889,0.353212782328,0.994492360606,97.2163157102,0.257400890323
0.497638273491,1462106782.41,0.110587310962,0.395126215175,0.184686652329,0.358480255404,0.802649136543,22.7655233583,8.34969156738
0.397192144663,1462106822.11,0.323902881756,0.417183579684,0.26410038096,0.351827513038,0.637091949759,22.2785180538,1.29136697583
0.491396527947,1462106862.7,0.299208490986,0.424065944417,0.244069314935,0.297967640987,4.16290311553,23.3117551547,1.23480357549
0.411542209363,1462106903.65,0.288630680865,1.59116798595,0.0415152069531,0.506053261717,1.26080985717,24.554525341,1.44497107168
0.401022890644,1462106943.4,0.251163201402,0.513148886104,0.246731388871,0.314140131576,1.04556929749,28.0850635991,1.25945565936
0.396614134487,1462106984.77,0.372343448261,0.322473727644,0.302720592338,0.421650015167,0.37607394015,19.4813742289,1.57469502518
0.39764458843,1462107026.39,0.393755148052,0.305666672604,0.297952041133,0.25527607479,0.211948841122,17.672620864,1.70564222386
0.397559150889,1462107067.38,0.192387905947,0.265401571953,0.194629539064,0.419386828142,0.308970352281,36.5789214849,1.56416703163
0.935701795074,1462107106.98,0.399885448963,0.225843855605,0.312903163581,10.5038948957,0.188840609389,17.5790124204,1.1668431602
0.397794200918,1462107147.78,0.348735101333,0.336458540666,0.212951573365,0.546703121765,0.354922910951,34.7196222879,0.888587761786
0.407507962976,1462107188.95,0.230184189764,0.12527110214,0.341556608479,0.396251659671,0.249754703119,57.4718196038,0.263319687901
0.398242988482,1462107228.58,0.157956685927,0.249034642821,0.270090204092,0.890309540673,0.425219091566,17.2729710442,1.57288681301
0.400153387694,1462107270.27,0.107297157485,0.788739792419,0.397186779075,0.327166640703,0.516843821505,321.010164166,1.89079155111
0.411835498877,1462107312.3,0.343360092773,1.46929884517,0.149085083333,1.15935300241,0.141710354908,16.0481118596,1.98720902186
0.491919558685,1462107353.35,0.49090567323,1.99057943067,3.69256590177,1.9853478275,0.474208515103,26.624836247,1.27471538477
0.484202300592,1462107393.45,1.59390581939,3.64195343976,0.265587381856,0.271983240199,0.632408396973,21.1236797369,0.946127789085
0.398062661401,1462107434.29,0.23848707832,0.309214493307,0.107956521066,0.467037372711,0.357863892225,34.5824685656,1.55367680354
0.41599836234,1462107475.68,1.13828573776,0.559275570454,1.65072743612,0.663195927521,0.571185140345,18.9633376387,1.05141036251
0.396899996845,1462107516.5,0.55933032391,0.33849688228,0.228118973196,0.383876682959,0.385250302027,13.7325852143,1.77341154457
0.399713535261,1462107557.24,0.577351520636,0.180366151112,0.224862795652,0.590333534019,0.367389890136,14.4333325199,2.18902324412
0.913083716959,1462107598.8,0.667239907794,0.0723416792631,12.716183437,0.384094087899,0.329522467208,13.2992613951,2.06736721363
0.398412547558,1462107640.0,0.850069185524,0.32570525352,0.150631831436,0.747755296998,0.3951631408,7.46103080434,1.78269747654
0.685665725164,1462107682.04,0.524414940717,1.20511152474,0.176829361048,5.39136813297,0.277359755795,3.06686114509,1.63150769348
0.404489561928,1462107722.02,0.423373132407,0.721078668628,0.121311798373,0.478778892543,0.468816925218,0.322772245309,2.65979788455
0.4145877483,1462107763.02,0.733429232336,0.933310552105,0.207217539225,0.239976844287,0.117254634838,0.818031620292,0.600408933392
0.910832498594,1462107804.16,2.33656986406,0.356346379763,0.0747932329206,0.333947060818,0.379710068927,1.16350807237,28.8001051298
0.577050911965,1462107845.08,0.98539583166,0.239798270232,2.9617068716,0.146212558405,6.48083892608,13.0513001677,2.43668825499
0.399666354249,1462107886.09,0.448989692505,0.285279080193,0.683376640074,0.441115976461,0.319187619915,0.463322946449,1.76528985635
0.814274536039,1462107927.34,0.649202100308,9.90667046838,0.166726955778,1.20748580044,1.55112156,1.820382745,1.48144763056
0.42827991671,1462107968.83,1.32573590567,2.82595615316,0.550708189394,0.898433933692,0.458184048902,3.53820411274,2.11724965549
0.426425052021,1462108009.14,0.381877099755,0.355997089612,2.05535039202,1.97135604611,2.10063479927,29.4537345456,2.83721455025
0.415194390662,1462108050.3,0.542177791524,0.292097778238,0.777966992263,0.405552910671,0.335818471323,9.65292175131,0.3168604322
0.412768910586,1462108091.64,2.96218632792,0.205487227995,0.324824754309,0.519698685826,0.493017607223,1.51208491345,0.450999269142
0.399235916072,1462108133.04,1.86264454276,0.461773996458,0.393010757338,0.741756226572,0.256544112975,2.15881695858,1.97096133349
0.397765910039,1462108174.23,0.319850356022,0.372611318445,0.274020184055,0.346813205139,0.730223346723,24.900076409,1.64545397341
0.396558508978,1462108215.35,0.260175595428,0.268660613045,0.228174177953,0.30908966861,0.574447182068,21.5574484714,1.36479973912
0.400854833747,1462108257.29,0.00311686220597,0.299719738583,0.231201833686,0.287462431883,0.403906761527,20.6724470466,1.80258889335
0.396760053165,1462108298.28,0.270223085546,0.269818654956,0.204585841583,0.316706258868,0.534880661159,18.8778319983,1.49855603433
0.397784250605,1462108339.01,0.209738786121,0.271871707894,0.202046797753,0.211086041236,0.691718914686,19.0917660986,1.32969456064
0.396651769115,1462108380.01,0.269307721901,0.263437459931,0.190775069085,0.227745742701,0.595002882649,19.5377188128,1.16783347738
0.397428405247,1462108421.78,0.141669164553,0.256707252912,0.186651586689,0.190347733716,0.572847738567,16.7498280953,1.19414709286
0.396102910257,1462108463.53,0.267664296057,0.214814079494,0.170837294465,0.179758831273,0.532726075355,19.872652263,1.11036723411
0.396775254614,1462108504.07,0.217269750005,0.213920007598,0.136767334627,0.161006767622,0.541289978909,21.6878409528,1.06402482649
0.396336490222,1462108545.5,0.182523736872,0.182109396548,0.135493350864,0.124131876617,0.445582163322,15.8894399117,0.821932901151
0.398531344749,1462108586.77,0.0619265612903,0.174907312445,0.135402599377,0.0972897819436,0.496268415798,23.8782726657,0.830930470113
0.399425987302,1462108627.95,0.1512366505,0.146482369882,0.0861283866889,0.104348025335,0.601424880407,15.596567561,0.769164513455
0.396950901015,1462108668.1,0.116109635504,0.187329540634,0.122861623244,0.120833785367,0.440562166616,25.8014706969,0.995501012958
0.397680951477,1462108709.83,0.182278416275,0.1613846894,0.133452152466,0.0765506279646,0.553544949984,18.3956997126,0.860345555837
0.398179682734,1462108751.48,0.0785542870117,0.140308160285,0.165146638253,0.158284925965,0.502038442318,5.90861709006,0.660475646633
0.397143996036,1462108792.31,0.167312205874,0.196106985518,0.101825497293,0.0875565967246,0.438066184391,22.2794498288,0.806905866103
0.399757998384,1462108834.04,0.201169629585,0.165214217682,0.143859643359,0.180393077366,0.802759439063,30.4179799639,0.982267331947
0.397325171257,1462108874.61,0.127373466015,0.217465844799,0.119874356082,0.116716948183,0.451613882975,20.0866823388,1.11030419209
0.39900811665,1462108916.12,0.0903699758033,0.147995173204,0.126097180889,0.136114179247,0.622843914232,45.9679492786,0.92685703057
0.406142919234,1462108957.44,0.177806548071,0.0764320564393,0.11515738653,0.181593605891,1.16963594151,0.212985328897,1.02601343558
0.396008101789,1462108999.33,0.249834724458,0.19056875094,0.177038524053,0.128908934609,0.419793993225,14.9965488342,1.38764164028
0.398270431473,1462109041.66,0.0380715584672,0.188115982377,0.1757022199,0.130882044174,0.419483911947,11.7177686593,0.75087885283
0.396369717391,1462109082.76,0.23212859203,0.171260378659,0.161853053577,0.123326101625,0.400532409848,15.00477662,0.664024696993
0.395349050085,1462109124.93,0.218254238193,0.128665609952,0.085505735813,0.100483395862,0.300666308737,15.8360737234,1.09943958957
0.397627540849,1462109165.98,0.223577222565,0.114653313454,0.053960148547,0.0921074055973,0.288929763507,12.1397816692,1.4012600064
0.401781631345,1462109206.73,0.0370338177183,0.0930019826788,0.0145681737647,0.0762834614927,0.205348697732,0.64747740548,1.11480158353
0.396983479813,1462109248.27,0.199055876873,0.05526171152,0.0587936738204,0.0514800391123,0.223909478184,16.7294186678,1.23297003021
0.417529870678,1462109291.08,0.308325337088,0.102689277259,0.0242778586821,0.107345436483,0.253019916476,10.7141808343,0.140580772731
0.396527613704,1462109333.52,0.24105216793,0.0137140659899,0.0891327625634,0.0817007900644,0.178704977034,14.6574912048,1.08227762006
0.397963679893,1462109373.91,0.249639649687,0.12970731193,0.0323386908539,0.11165888611,0.240180907754,13.9344207386,1.32541430869
0.397925755771,1462109415.94,0.339171534291,0.081857446372,0.497471564851,0.100942616926,0.297109787728,18.1895770608,1.14461957731
0.395710385582,1462109457.64,0.17087637589,0.0635583100802,0.0635094213676,0.0632425506916,0.275070933307,1.02739185163,0.960918343252
0.396406247583,1462109499.38,0.13628727439,0.0293390858846,0.0645233880331,0.0406482588095,0.271274561061,1.04221294888,0.960912846112
0.397776336173,1462109541.64,0.167075520657,0.0353800233541,0.0453065204629,0.0643627767586,0.237294971617,0.325769390028,1.21920834058
0.396305390322,1462109583.21,0.153999886933,0.0572380774363,0.0712124530298,0.0500352847696,0.344019592206,0.477082484349,0.916402377088
0.432886559395,1462109625.31,5.33666415723,0.0596360621606,0.0509652190346,0.0434088966804,0.264765361684,4.13485866618,1.03212541039
0.395848066741,1462109666.75,0.173255211796,0.0449762360158,0.0809986943613,0.0276734559533,0.163618268766,2.48078596186,0.876008936268
0.396926962776,1462109707.94,0.127985124442,0.0474029492338,0.0809377216237,0.0247030941908,0.0928681656051,1.25517262635,0.882350483847
0.397800253846,1462109749.63,0.174034398119,0.0334660595612,0.0683823585882,0.0142188532177,0.153089384476,2.50473082598,0.719741277511
0.397817195577,1462109790.35,0.146991911024,0.0209427564941,0.0609924951368,0.0252888989949,0.123076775718,1.74416256796,0.858639591962
0.402608011709,1462109832.85,0.162793764399,0.0458919724206,0.0795839848121,0.019804174948,0.0436486867554,0.888456269013,0.957749033112
0.399021869172,1462109875.31,0.013949898661,0.0665646836493,0.0967109089883,0.0358393966684,0.167819204446,2.04979489151,0.779602177932
0.398185261446,1462109917.72,0.0944175457898,0.039943898957,0.0752842926522,0.00304671151148,0.0820584172628,6.40906906024,0.592553931615
0.477877313029,1462109958.99,9.68604410161,0.0295362229683,0.0553386456168,0.0211367693907,0.0634888735826,0.718976113861,0.793584919629
0.398216155636,1462110000.52,0.191840570043,0.0497838341113,0.0666788303549,0.0292536605679,0.132822405745,3.12465512599,0.720325261637
0.395712047325,1462110043.26,0.134893246281,0.0392982727814,0.0908329540596,0.0154752492317,0.187312025791,1.07912303636,1.02321963235
0.398764280183,1462110084.68,0.120803103874,0.0187024389788,0.0388216526588,0.00553274538725,0.206398401576,1.0570302447,1.01832072769
0.395964465108,1462110127.36,0.110906565902,0.0215713609968,0.0881846589621,0.00788623696827,0.193516726143,0.95310878424,0.903621892445
0.408343238206,1462110169.52,0.100698509541,0.0650136437734,0.610893919776,0.0157736870024,0.112848340701,0.179838584027,1.08547917338
0.397424872791,1462110211.25,0.132005134087,0.0875981371259,0.094137028553,0.0120469842603,0.105352500531,1.11483075804,1.13836958559
0.58952371316,1462110253.51,0.0841478602573,0.0270836629149,0.111522212498,4.13573374628,0.22045156133,1.30673802825,1.26536683955
0.432841304662,1462110295.13,0.0733700489328,0.0406177555413,0.0623413677825,0.00590655693241,2.62848086892,0.850940777895,3.98679790487
0.643970021882,1462110337.27,0.136710644127,1.76853819971,5.49209619089,0.00920379691543,0.193655840975,0.766480429607,0.982178126173
0.42613445976,1462110378.11,3.88781400281,0.051470531875,1.36927054159,0.0188952121279,0.150881995461,0.975855821957,0.83325782388
0.444838241761,1462110420.72,1.80867874763,0.0357247025093,0.047176150398,2.02147009952,0.931779864564,1.17176067937,5.70050656037
0.396213030476,1462110463.29,0.14201820081,0.0390633255899,0.104702182151,0.0544663605385,0.17789760983,8.7447351981,1.19715899691
0.412550989427,1462110504.63,0.121292493343,0.0423812959772,0.0755242015188,0.0310218755132,1.45553745657,1.55262059788,1.30214360498
0.415198180925,1462110547.59,0.105362076175,1.27523029193,0.0705185706643,0.0162046512335,0.319332220089,0.929772608064,0.938930379572
0.539414739089,1462110588.6,1.245079524,0.55050090126,0.897584651949,0.0670953308611,4.89510990536,1.0284213666,0.555545554533
0.416544680648,1462110630.65,0.159782466126,0.615242725255,0.0561976644376,0.0391591412771,1.70997548322,1.08598185555,1.06387944739
0.429647810632,1462110673.02,0.150039863788,0.0232383310248,1.95263457716,1.40492216927,1.27882171546,1.37329833055,1.00545301243
0.585387399897,1462110714.99,2.81605195316,5.81608528669,2.79257789501,0.00308943315263,0.235453094186,0.48138757332,0.857892494208
0.403439755294,1462110758.15,0.762963260899,0.0689362544027,0.0321762838057,1.01123585986,0.301284456282,1.00620855425,1.16242898134
0.39757004153,1462110799.45,0.21209884371,0.0178551136182,0.0848248477019,0.0461316988978,0.131327183449,62.9850095961,0.973206372255
0.462105664466,1462110841.73,14.5955272495,0.060996212829,0.0975665023518,0.00408007671512,0.182346714769,0.672975229273,1.091924024
0.426504981012,1462110883.83,0.0472117745287,0.970695080704,0.0919147521376,1.74338411054,0.228585794004,0.556126395672,0.915934477128
0.427769384662,1462110925.32,0.848672245837,0.0317100837403,0.0737114385583,0.0335907824541,2.08397302936,0.807824316949,1.0477698425
0.406217075177,1462110967.95,0.144594088327,0.0954556943302,0.077417036722,0.010679238592,0.215665908465,0.424108889596,0.163707120365
0.419319973558,1462111010.4,0.187597011212,0.0262876691965,0.04750461357,1.23710770406,0.166427460765,1.22920969621,0.480227192538
0.457286580246,1462111052.19,0.0214168821893,1.08087451993,0.0385192167277,2.64929313281,0.279205060663,0.888426535648,1.44646903605
0.411438364425,1462111094.22,0.0957883210595,0.716448096281,0.0626646090049,0.0602560983787,0.150033929692,1.12918829923,0.743386625119
0.397476431888,1462111135.26,0.113556883351,0.117527345946,0.0829725564077,0.00758797667428,0.245939328531,0.373798731216,1.19826158466
0.398084906227,1462111177.66,0.199640821473,0.0371625651336,0.0210953205954,0.141201545407,0.202783118658,0.250880114594,0.947780592303
0.436489180988,1462111219.0,0.122010877862,2.39532659907,1.64584331449,0.0717051634485,0.362816456304,1.45639492476,0.900411909143
0.404704306385,1462111261.17,0.0692352342247,0.867820804036,0.0523538278965,0.8281974847,0.346659631555,2.24468391378,1.14466736758
0.411387210031,1462111304.26,0.668655812108,0.0761156412682,0.0591992673552,0.578329339318,0.26096140947,2.85821230436,0.34462905841
0.961039301955,1462111346.61,0.154757244473,0.0546373384442,0.0046422463928,0.270781563164,15.8562874269,4.11944793513,1.01664862535
0.67927850046,1462111388.64,2.23215737423,0.103175700015,5.68668834459,0.0889490139968,0.159154504935,1.91172452982,1.18035801467
0.57686399677,1462111430.8,1.09051641986,0.0507918583121,4.79994888372,0.000987795236348,2.90097692209,0.141721836566,0.675933151827
0.53250403693,1462111472.89,1.47111004746,4.07180205732,0.0660952399633,0.159096722921,0.291338761822,3.53027514866,0.84307833643
0.396554286915,1462111515.12,0.175072763104,0.0436852793254,0.0801795282612,0.0274476714642,0.142142309964,7.14012644125,0.799993554098
0.395980410436,1462111558.12,0.169863170509,0.0422863954937,0.0719463888522,0.0360400096217,0.188416694948,5.77557496206,1.0384092387
0.396329499528,1462111601.34,0.161642504328,0.0379103657322,0.0910535816705,0.017428039995,0.136323684378,1.29149741922,0.815218501412
0.397920274015,1462111643.27,0.206951448578,0.0444682734168,0.0693139702311,0.0126291018055,0.141016067766,1.68360460189,0.889405196695
0.396502410067,1462111686.16,0.138504244133,0.0329123718113,0.0821519584022,0.0227044936418,0.12488473404,2.67751532481,0.972729003529
0.396265338675,1462111727.56,0.188871050481,0.0481704552148,0.0855004795068,0.0138252708063,0.159099260214,3.62927631214,1.00466423482
0.39492301867,1462111770.55,0.130257873876,0.0344084944353,0.104090678225,0.04658886566,0.171565196428,4.87476646683,0.935348468971
0.394970122913,1462111813.03,0.131334271073,0.0295323984436,0.104715526567,0.0567243586354,0.172545392478,4.82059807798,0.939093131936
0.394995571824,1462111856.53,0.128600768291,0.0257836771762,0.110142153452,0.0461523846857,0.19607668515,5.38353198321,0.928369576296
0.395135463638,1462111900.24,0.10647824103,0.0255737452017,0.107245613794,0.0452569936759,0.174101295025,4.56848548436,0.929324958587
0.395559355473,1462111942.79,0.103237619534,0.00473782254483,0.109053799632,0.0468260947418,0.172828904059,4.66826904616,0.731072585029
0.395371217915,1462111986.14,0.0898485897127,0.0254832878287,0.127255345388,0.0425796676892,0.174696644141,5.34214112604,0.932421087285
0.395047720163,1462112027.9,0.0978932534269,0.02371806339,0.115643280278,0.0484642649498,0.146803096525,4.88938442499,0.860994042289
0.394892975468,1462112070.53,0.0802933700202,0.0240228306901,0.11643463484,0.0489196291397,0.145479091789,5.46767076944,0.765045395656
0.395131241588,1462112113.25,0.0497825025254,0.0241915060425,0.113268871969,0.0548737364605,0.157211855642,5.32553801849,0.643198673937
0.394758171762,1462112156.18,0.0610238280344,0.0296247032818,0.0994854655637,0.0532728942421,0.163656092793,5.82039341607,0.637591722925
0.394772478796,1462112199.28,0.0635893955623,0.0282374699757,0.0995134747885,0.0526635036885,0.162312557307,6.42677443735,0.624328409277
0.394933785712,1462112242.72,0.0621890181109,0.0286444520696,0.100154354489,0.0501145697955,0.155491279894,6.36535503002,0.552924033055
0.394809659199,1462112284.65,0.0576938445143,0.0281296466101,0.0952572614404,0.052604239662,0.125172202892,6.77810109526,0.615541682251
0.3948381894,1462112326.89,0.056367180842,0.0312506157325,0.093629096085,0.0522175721551,0.11314096708,7.05946937934,0.628107494327
0.394996591642,1462112369.19,0.0597860934656,0.0314751069292,0.101667117444,0.0525445084351,0.105173056756,7.30456745801,0.634018623062
0.395198244695,1462112412.15,0.0416317776798,0.0280936940935,0.093626850453,0.0588082888201,0.0993081914273,7.92581681048,0.52732135638
0.394856741765,1462112456.16,0.0554836861624,0.0304333440742,0.097003048163,0.0567597095706,0.115348829592,6.47177058854,0.618254724939
0.39648929988,1462112498.91,0.0553513605561,0.010168105951,0.0876153060145,0.0605129491675,0.0889622234212,6.88132771435,0.492985702907
0.40364661417,1462112542.49,0.0681802034787,0.0271925471303,0.0985198777057,0.0528374167193,0.0104773956874,7.89876015986,0.572286042959
0.39615719707,1462112585.26,0.0475531518302,0.024720268752,0.118743961621,0.0622782012808,0.109688160549,8.52457902814,0.423015445957
0.395303122203,1462112627.13,0.0423309882747,0.022592142924,0.0944928562738,0.055067455339,0.119937635508,6.70932624235,0.686964621267
0.396759868878,1462112669.85,0.0661181450861,0.0315050420922,0.0997335539041,0.0664185857842,0.068449485776,7.64992130797,0.530903041282
0.395508580319,1462112713.36,0.0548913887138,0.030699541114,0.103157654714,0.0532075392277,0.0993288388147,6.20611655756,0.500672448695
0.395197584952,1462112756.43,0.0309416191746,0.0276569091217,0.0785013657576,0.0435482989122,0.126700682415,5.94676290908,0.580200461122
0.395218473716,1462112798.99,0.0596690616047,0.0325991777943,0.123849938738,0.0509509680982,0.10904736755,8.38609218687,0.608193499912
0.399757228809,1462112841.92,0.050726410848,0.00824364441874,0.0956781790203,0.0479264033496,0.0357349047191,6.77473688344,0.703149593948
0.399757574562,1462112884.25,0.00839562113998,0.0302604376297,0.106299696433,0.0397589419142,0.12878036115,7.09653338362,0.647574642985
0.395136127142,1462112926.46,0.0532572092734,0.0249443716355,0.0836470620384,0.0689140609497,0.120736500408,8.98224133927,0.529541950514
0.404650767313,1462112969.55,0.0726056602059,0.0267334190494,0.435729324548,0.0565061778127,0.139251145531,6.16975958173,0.62637755759
0.395832495086,1462113013.45,0.0755399559521,0.0285354419823,0.0899250045427,0.0419572901944,0.0988540842853,5.63043280831,0.558994763521
0.395536076132,1462113056.02,0.043662860715,0.0289196944071,0.0774708899916,0.0577601517028,0.080885967465,6.54049005794,0.516169307863
0.396139604261,1462113099.57,0.0576427180056,0.0278301333717,0.0929432772683,0.0621642207902,0.0871487668381,6.99178784917,0.471512265001
0.395300971605,1462113141.93,0.0626654508159,0.0201406766514,0.0869182046651,0.0515959887036,0.10310688241,7.4185972511,0.665458751791
0.414488618613,1462113184.18,0.0659618000997,0.0351320861613,0.650822756568,0.0496637639877,0.0942702279533,7.66516980628,0.573504275944
0.397597004964,1462113226.53,0.0456024835538,0.0322625952517,0.0888410755555,0.0540635959427,0.0520339665889,9.40058828258,0.424344193195
0.421399013609,1462113269.75,0.0336180158507,0.0229087672344,0.977206465168,0.0446656006417,0.135608940726,8.24999267794,0.604232265016
0.402766701043,1462113313.74,0.0643508802695,0.0337407127164,0.36836847545,0.0560456131217,0.115761193065,6.05549036396,0.695365064724
0.395649697731,1462113356.52,0.0394170253277,0.0365169863382,0.130352747664,0.0384310029765,0.111484602218,6.60764026346,0.583883699871
0.417900327363,1462113400.21,0.0705505346785,0.0219167602974,0.746334352914,0.0475360614977,0.10185909208,5.09441521805,0.540723021469
0.423802166522,1462113443.45,0.0597089273759,0.0152683342945,1.13090336994,0.0600173030305,0.119627212023,5.81718135051,0.683287315523
0.395098497408,1462113486.46,0.0482342198719,0.0264213124882,0.111404251557,0.0581060905196,0.126715322117,5.65103309051,0.648706055488
0.396628258306,1462113529.11,0.0527842822027,0.0248815189656,0.0922387981507,0.0445469537368,0.0961060702191,0.0318079610868,0.381023439233
0.424739474928,1462113572.55,0.0838194252182,1.53570458882,0.279111740149,0.0703087135945,0.106897382082,6.21576543541,0.712809019991
0.409182652861,1462113616.67,0.0275991177143,0.0299345540075,0.0958043600604,0.0508438950143,0.800789060522,7.7780330585,0.509227469604
0.72612844564,1462113659.72,0.0113894056875,0.0259714668339,0.0984823486165,5.74733874656,1.92059752287,6.30846424912,0.596780304884
0.408012740219,1462113703.34,0.0453922441352,0.0310726213512,0.524877495301,0.0647431754953,0.133625680966,7.25291487523,0.739361815463
0.398879639956,1462113746.41,0.0576956426433,0.0290077792339,0.141591987827,0.0416429235624,0.16316399235,8.24063675537,0.261162261423
0.40204503378,1462113789.2,0.0518012277528,0.0274266655274,0.102181542804,0.0752417214787,0.0329956313202,6.85965305308,0.294272330894
0.395028031739,1462113832.78,0.0765407936398,0.0335978948619,0.0841927679981,0.048816178124,0.122092747139,6.695541011,0.617551677656
0.446187821403,1462113877.5,0.0575245088162,0.0282533799519,1.45407334897,0.688988735244,0.117287003902,7.54761596912,0.228824485658
0.45025011228,1462113920.14,0.049006812707,0.0347713585953,1.81732349402,0.0519683821452,0.129329835188,9.17484380228,0.447745491789
0.462002217646,1462113963.69,0.00400522203079,2.04455381312,2.3564454351,0.0534847713517,0.0838369083799,10.467480982,0.54124974649
0.395956842223,1462114006.87,0.0639002861523,0.0266343198324,0.107019805749,0.0613121941948,0.0775496775991,6.03961121262,0.658095841169
0.395211211068,1462114049.61,0.0827926554607,0.0322355314157,0.081786930213,0.0555149161512,0.112223520739,7.29110703787,0.783294236549
0.487593564467,1462114092.99,0.0669737136795,0.0106112176519,0.118501760604,2.5589496174,0.145231489273,7.02838425198,0.568111705594
0.422139390637,1462114136.56,0.0542528550138,1.3774447822,0.254330393122,1.07964288627,0.182600181943,5.61016517082,0.635643162302
0.418656261271,1462114180.94,0.0880967268332,0.0343033755093,1.25488006681,0.0591028187631,1.09712300113,5.2164642225,0.668992046273
0.522581676294,1462114224.37,0.0514261672365,0.0300552562826,0.0732884883171,2.99300499159,0.0914311505875,6.94895106152,0.613934058968
0.40626036103,1462114267.79,0.0703579365948,0.0200751196115,0.111993407407,0.0638690756079,0.702208613348,10.021855023,0.475574833417
0.535548746906,1462114311.68,6.23447260175,0.0364352802437,0.0998464220284,0.0504332379064,4.39248629232,8.04299457373,0.585652143696
0.457897955581,1462114354.45,0.0223109350988,0.0235330742786,0.0117540805846,0.0373835351959,2.50605602083,8.76206400847,0.543147436836
0.395114036789,1462114397.36,0.0726286082187,0.0244896201652,0.0898406746126,0.0456176102789,0.11430293416,6.039685948,0.724217602272
0.604007020777,1462114441.89,0.046073490273,0.0307844563181,4.51466863562,0.0474002380182,0.109374905644,6.58947399536,0.488916633346
0.502262108761,1462114485.36,0.0438642432846,3.14413796882,0.113498192512,0.0439300938652,0.123890486109,5.78689262615,0.561465617299
0.451396164972,1462114529.3,0.0571015106264,0.0253679716648,0.914686216972,2.35780300367,0.13645123379,7.42013422745,0.755635888808
0.400566137128,1462114572.88,0.0385641721515,0.00638110184039,0.220765949154,0.0333216093025,0.096713223066,7.15474942413,0.632530432087
0.396401529367,1462114616.28,0.0413944903561,0.0018237565175,0.0868203551865,0.057947189233,0.103515701177,6.31317137633,0.46551058469
0.420075900138,1462114660.32,0.0606953143235,0.0269532351091,0.152553723373,0.0495759760936,1.35873185965,4.15313523565,0.518479570914
0.395254640498,1462114704.33,0.04993737874,0.0292362731781,0.108124741379,0.0814543014149,0.118038227552,8.60403886899,0.69513590978
0.420170831377,1462114748.28,0.0358873694595,0.0223436711426,0.794338610096,0.0405661352562,0.148785217242,5.50706747189,0.429392516905
0.86809888226,1462114791.65,0.475645094174,0.0377305360402,9.3645372514,0.0524680295144,0.138516012064,6.78063801532,3.1666247027
0.537143359586,1462114834.05,0.0640776739732,0.797875260509,1.03071058375,3.59779307032,0.107094388883,6.48413320055,0.599983152408
0.395052043543,1462114877.39,0.0792134677006,0.0212167666356,0.0948860748548,0.0540715792978,0.199431273576,0.282790070631,0.677268319939
0.503730972487,1462114920.93,0.0560959874459,0.0298495530122,3.42961292412,0.0670007725552,0.980268690062,8.16577232687,0.622346074479
0.397125360745,1462114964.21,0.0753581207349,0.026125610057,0.105226128526,0.0622497967778,0.0589732914488,2.32821162741,0.708768830352
0.859572732436,1462115008.92,3.275103391,0.0310593509155,0.0792798574532,6.92150000221,0.161737880706,5.04089735622,0.395926055867
0.429125558794,1462115052.68,0.990676580339,1.70569664607,0.093047390843,0.452653645729,1.51861602023,7.81709926102,0.645811639915
0.427165149694,1462115096.63,0.0401646599554,0.0281855315148,0.317010402205,1.62453691087,1.04348736718,7.58225539387,0.550340161837
0.395868408017,1462115140.25,0.0532494218826,0.0275450960927,0.120783655591,0.0426316889903,0.209863977124,6.16385607786,0.502557472456
0.746587039506,1462115183.66,0.0142302143165,6.88957888936,0.109931736073,0.0482160496556,0.154532596141,3.30862628336,0.654514365251
0.471410556818,1462115227.49,1.92744387168,0.0327867761352,0.125395887949,0.494419611713,0.10161979387,5.90923336943,6.2222537414
0.440085661082,1462115271.64,0.0611867144683,1.16960212568,0.101408871815,0.0571079762735,1.20160995077,6.65793862902,0.219341654988
0.39491350026,1462115316.38,0.0441466471255,0.0319898817409,0.0980876125704,0.0656056980476,0.130489986818,3.95335020389,0.592200445581
0.714884815739,1462115359.08,0.00649670324216,0.0252820631308,0.0909462382932,0.0737302966436,7.47608836055,2.06457997223,0.460842824783
0.41909274186,1462115402.65,0.0682784428558,0.0240386409563,0.452011274366,1.28652833741,0.143072536926,6.457480772,0.437524241616
0.410424744003,1462115446.14,0.519133381488,0.0161953129306,0.128551092817,0.919535907841,0.911943756123,0.502635123822,0.5710730388
0.615954842744,1462115489.28,0.940427585425,0.524932264548,0.579671964708,0.0547727685853,0.0891269259691,7.33373477563,11.8000243567
0.431053841491,1462115532.31,0.0714714171759,0.75205264218,0.077463222973,0.0589094349768,0.0202060025537,8.00417796388,0.334957328277
0.410303141705,1462115577.27,0.0477195286783,0.593653038257,0.0248087345037,0.0679820708345,0.230543519288,1.59491328555,0.604333794171
0.411175965215,1462115622.49,0.418180870037,0.0127922420676,0.085661917171,0.79162018956,0.126271772618,7.20538448117,0.406551984502
0.421475215645,1462115667.16,0.0597215254644,0.477522908969,0.11781725712,0.0514452643127,1.67734739244,7.47823162123,0.677707351928
0.413607399419,1462115711.21,0.065053805773,0.885484299495,0.0887696004764,0.0468354127641,0.167670947301,7.0366973558,0.735179083529
0.444024574784,1462115755.86,22.1935302137,0.0332076725764,0.141693129769,0.0490711503298,0.82470840286,11.1621426138,0.78310702322
0.396966635322,1462115799.92,0.0872690804581,0.0357015698305,0.1031853247,0.197467368201,0.133617640596,5.2309426336,0.48682309042
0.446975934923,1462115844.79,0.0583734959861,0.6523144859,0.0838900349449,0.0454591420376,2.350553372,5.7119500581,0.515647225371
0.428005984045,1462115889.1,0.0465450296775,0.023166861532,0.1223987069,2.13385326379,0.0750386129411,6.8670621034,2.37729353895
0.401596815038,1462115933.07,0.0350683397727,0.0205216242516,0.132967218489,0.0533573107013,0.477462985831,7.74133631946,0.535480368836
0.530642736513,1462115977.26,7.98541365351,0.0339858928721,0.114312552054,0.0604893365228,0.183158137703,0.589973684615,0.0812032857635
0.488757390738,1462116021.91,0.0628576249741,0.0290223314383,0.0756469458971,0.0559058663619,3.56674346526,8.40910162508,0.764112287293
0.395480268347,1462116065.12,0.0931230110619,0.0220044697798,0.0966662933632,0.0443420279572,0.114140365928,5.53907591971,0.70594862809
0.40379460383,1462116108.87,0.0674060938482,0.436890730157,0.10609857023,0.151013168391,0.663113394548,6.28285763383,0.636017686379
0.464781340614,1462116153.18,0.050754474249,0.0195215546645,2.29045331801,0.043155507166,0.107469968943,8.92703169829,0.588519562595
0.409882988189,1462116197.42,0.627244719067,0.391897188461,0.692362375863,0.0414349411965,0.150311797834,2.71687443489,0.522794692003
0.420662086027,1462116242.39,0.0807699191133,1.04844047627,0.0921520277874,0.05031489422,0.08414474467,1.82824121329,0.749234010939
0.446705543844,1462116285.47,0.0768540691248,2.28613870139,0.388690153711,0.0804421013543,0.216834719715,6.06710781225,0.549443275113
0.501246730327,1462116329.53,2.63559638584,0.0383227491867,2.73686175284,0.166837848593,0.0962731458848,4.50173500376,0.280964579214
0.394965153334,1462116374.45,0.0556892482357,0.0277627691621,0.0954375969978,0.0573003146828,0.110202126744,6.45728021149,0.611805540552
0.394900262524,1462116419.93,0.0492181537081,0.0306287306755,0.100382942233,0.0517086969641,0.11500473965,5.87931363319,0.622556542984
0.394867510629,1462116465.09,0.0545916763355,0.0284774839566,0.0971305172444,0.0562145941846,0.11924402482,6.7585249547,0.658233678245
0.508852264342,1462116509.19,4.28300368303,0.0302029850653,0.338269190582,0.0482729964919,0.123387272955,6.36292496195,0.0328992493354
0.394907254262,1462116553.7,0.0523648344447,0.0314275208531,0.094255826953,0.0593622195961,0.112554195056,6.62596397641,0.578604743579
0.404160989537,1462116599.1,0.36221301293,0.0295530945714,0.0988284907416,0.0613302749662,0.116920956663,6.13661459277,0.567354594267
0.398459297868,1462116644.05,0.0561317003764,0.0261533692781,0.237589353409,0.0537055278647,0.120952499308,6.90658793618,0.69189962079
0.395013788473,1462116689.48,0.0534733461625,0.0270864396644,0.0877384858592,0.0527927124784,0.103957319095,7.11102836683,0.619309230092
0.394794569494,1462116734.74,0.0589954000004,0.0287467752327,0.10335067971,0.0475346408622,0.131592075428,6.4937533866,0.666439662475
0.39485023886,1462116778.88,0.0738345795257,0.0269263701096,0.102831506414,0.0462265519675,0.129126810713,5.91321266684,0.720305081906
0.394944691852,1462116824.45,0.0587060430192,0.0244726425918,0.108142110506,0.0475648055513,0.138678328525,5.41710681678,0.595314177864
0.394752650824,1462116869.31,0.0611085523826,0.0286669148168,0.0898415399028,0.0451646314774,0.146813575509,6.54971333228,0.669466285409
0.394878825873,1462116913.88,0.0632731793505,0.0280807384789,0.0816455458767,0.0373688854194,0.153335098596,12.3577031191,0.679549718617
0.394917883582,1462116959.38,0.0611114105871,0.0253723096685,0.110706966962,0.0404216324553,0.157440880491,5.97227573875,0.641395315628
0.42333136051,1462117004.61,1.61361064115,0.0285692999129,0.0859309536049,0.0450021941347,0.148410625901,5.78302350719,0.661897689192
0.395201339366,1462117049.16,0.0693613963225,0.0265146783158,0.0912336688421,0.0394092399649,0.160539918503,4.71921443961,0.825689356067
0.394730592379,1462117094.34,0.0714850910839,0.0318874533933,0.0893750427041,0.0380161612496,0.144086011243,6.28631334979,0.673506102967
0.404809511312,1462117139.3,0.00123294189922,0.0320572339158,0.0837805877873,0.0309919640058,0.165461563594,5.5608942407,0.792031430001
0.395158567563,1462117184.5,0.0664240122748,0.0329977600467,0.0798511634267,0.0336367570202,0.145188553278,5.67906407295,0.808373467958
0.394891741244,1462117229.44,0.073919243107,0.0295502725788,0.0826196595523,0.0370477099286,0.14188094558,6.23457771129,0.735047157189
0.395057082894,1462117275.33,0.0703023235568,0.0274147832453,0.0725046587875,0.0386310440212,0.135644680145,5.24275543524,0.706028398963
0.395145510291,1462117320.25,0.0646392779638,0.0289350461329,0.0785433954495,0.0325112763316,0.1320277124,6.60260322945,0.773321926786
0.394873635427,1462117364.65,0.0821279910426,0.03500824112,0.104903023521,0.0413993508939,0.169334586985,6.5435388304,0.847221471304
0.394917416578,1462117409.08,0.0613899461604,0.0249575867014,0.0875764846378,0.03495800687,0.146710430226,6.33951740759,0.685306991696
0.394870646118,1462117454.36,0.0775895828932,0.0259556319943,0.0897165903674,0.0399141683674,0.157090290362,4.95386692273,0.669184664029
0.395366938614,1462117498.97,0.0718468044675,0.0237883638401,0.0701600123267,0.0291199935307,0.152588186375,6.16301037466,0.753189596241
0.578265232489,1462117544.5,0.0681886647735,4.42479596259,0.0746034187531,0.0368397330219,0.140033110436,2.9189749289,0.650171301779
0.394920029722,1462117589.72,0.0851081554011,0.0309446342298,0.101121702897,0.0343529976393,0.180794363048,5.98171508025,0.632655656487
0.41014280071,1462117634.29,0.830364260791,0.0366300787095,0.0899745390609,0.0383649013685,0.163432773245,0.640790986168,0.692511953645
0.421558403549,1462117680.12,1.28320404882,0.0300062276333,0.0924252668553,0.0320871171036,0.137259234243,5.07915004667,0.60594655211
0.424371456996,1462117724.66,0.0660882932725,0.0323872523298,1.29955375233,0.0421495441298,0.176846176956,6.41955656175,0.721994968047
0.442909762403,1462117769.08,0.051249790762,0.0316700160935,1.79032957461,0.0379626973859,0.18583063343,5.72763564528,0.558439024095
0.423953843143,1462117814.8,0.0204743917302,1.25969968915,0.0761705631479,0.0347062201255,0.151345606476,5.44327389785,0.666350892541
0.404674851811,1462117860.4,0.0629635286174,0.026640528241,0.414902650772,0.0438641705163,0.143395094638,1.39237441047,0.582151197362
0.396091267009,1462117905.17,0.0745816341574,0.0343711564537,0.197653865449,0.0363658603753,0.160553615036,2.55450410124,0.738413268551
0.419664050997,1462117949.14,0.0783387417767,0.0334615737072,0.116645353394,1.49922750667,0.170903912448,6.09646103404,0.696253965291
0.400063421502,1462117994.02,0.0546506404789,0.029205014374,0.285938458563,0.0429044945463,0.134392490762,5.33587418002,0.646099651184
0.394949268802,1462118039.34,0.0585635587936,0.0276921198048,0.0848535651268,0.0406386784552,0.154471621923,6.95332026799,0.715165539622
0.420361262176,1462118083.43,0.0449058578354,0.0225956315169,1.07294846442,0.0468219802501,0.14575715193,0.412094754958,0.765491983839
0.412269392477,1462118129.09,0.0613935816086,0.827602276846,0.822598019396,0.64319156546,0.149253930233,7.35350989225,0.657045074015
0.409554691998,1462118175.25,0.0493968528293,0.0303402133098,0.516666408258,0.0412911121884,0.175491372398,5.83732979526,1.82895689834
0.458897795698,1462118219.55,0.0261473238968,2.5596487967,0.0996788557584,0.0292463231231,0.191456232578,7.19986692595,0.799666951687
0.527950356841,1462118264.39,54.9775067669,0.00674537953745,0.0974252506092,0.0389932440205,0.127073737414,6.80299598596,0.629475038903
0.413805909655,1462118309.61,1.16739959276,0.028639026542,0.64035790464,0.0444730607485,0.131567380883,6.68051168957,0.503042347613
0.395161706252,1462118354.15,0.0527330958713,0.027047876526,0.108161321591,0.0315112907198,0.165428330173,0.524137145348,0.67529711373
0.395838401308,1462118399.63,0.0595674240767,0.025127681505,0.0809527367645,0.0353106726269,0.140525436651,7.58230079372,0.871632332972
0.413062619767,1462118445.43,0.0867748927956,0.0259106571091,0.113199563242,0.049656795226,0.15841837599,4.30784547819,2.21689335157
0.436027245886,1462118489.67,0.290750616841,0.0244392852836,0.088296682484,1.75597782404,0.143906306549,5.58014298116,0.597393893069
0.399778160705,1462118535.11,0.0683650218765,0.238613268006,0.103497700259,0.0305483581476,0.128597104567,6.43619805983,0.608039318956
0.456872043491,1462118579.83,0.0422966280461,1.94533191939,0.0683143413934,0.0459779586851,0.197380151616,6.2371749374,0.362782666156
0.397765075123,1462118624.73,0.0568206683362,0.0356583104008,0.032271397159,0.225851806723,0.169129090624,0.169191590632,0.703269946307
0.966942788562,1462118670.19,0.0480734086461,23.5537241837,0.479297203393,0.0263811505342,0.139298890151,1.92384127513,0.583078494401
0.427275650299,1462118715.59,0.0645698179052,0.0296690145596,1.45636624584,0.582025363631,0.15485001665,6.99140196297,0.568491932071
0.427851448433,1462118759.89,0.0906247090295,0.700495106061,0.0955692969883,0.0427459282416,0.150728200124,5.99888727272,3.89982106186
0.402572365281,1462118805.28,0.325949632488,0.0327963196473,0.0337974572228,0.048866623392,0.178384449264,0.74986959838,0.747858998307
0.412112629712,1462118849.94,0.694651442984,0.0279916639588,0.0863013823574,0.0356937950771,0.147729600876,3.75722899727,0.542517806637
0.404922426838,1462118894.64,0.0701004575778,0.0234020016032,0.0934843795321,0.0400024668642,0.756675161999,6.56382133262,0.817531369178
0.395333714632,1462118939.64,0.0541554163059,0.012079880042,0.0830874045961,0.0379107732736,0.133746838243,3.35157807788,0.635634277843
0.650495510749,1462118985.44,0.081271412248,0.0305213898649,0.0904530562589,4.45168458634,0.122798021629,7.85377134773,0.729220692016
0.408644107497,1462119031.21,1.43495620813,0.0315105243852,0.100853466928,0.043799985605,0.163790780984,5.70009960325,1.49976846197
0.456399298838,1462119075.72,0.0724636858252,0.0406625462078,0.0766708434263,0.0453323206584,0.142807829694,6.33938345261,4.68005316676
0.468228137261,1462119119.5,0.0507572115252,0.932976381634,0.106296496672,0.0472328074631,3.18680093817,7.47195400541,0.685890140293
0.413023708962,1462119165.22,0.0655493591804,0.0340023333591,0.0428939275866,0.0339185414269,0.159963576534,6.8595261604,1.97973473275
0.399009174113,1462119210.54,0.0173815551971,0.0291938405096,0.0135452276737,0.03265497761,0.131177649494,0.339969482625,0.556463082672
0.398620816832,1462119256.06,0.0626089645388,0.0176425834247,0.0984428884385,0.0511235956129,0.386181544653,5.19159409382,0.618567871608
0.42790771588,1462119302.11,0.075393079925,1.40079851606,0.0918272506462,0.254831355455,0.0493226685888,5.86046770066,0.667938699558
0.452606614566,1462119347.52,0.0594249695883,0.0256811337715,2.13392410802,0.0481276020106,0.190862414354,6.12344490813,0.645055685574
0.411135105909,1462119393.61,0.0676009892453,0.0264486126891,0.0784090313648,1.0498076975,0.137311712135,6.75916011953,0.526632015951
0.394969730072,1462119439.12,0.0982670820929,0.0274934471745,0.109814128794,0.0300252410122,0.156219598712,0.444087935598,0.835892886552
0.439423947922,1462119483.98,0.0466325629328,3.10492417234,0.120008819045,0.535542812927,1.45020225693,5.00511488215,1.7325431986
0.414789892841,1462119529.61,0.0564445899553,0.0321346971528,0.103424924744,1.16091042387,1.29485247194,8.11111764702,0.77753063655
0.395207710614,1462119576.22,0.0515865339631,0.0229130577005,0.0961495428998,0.0364864875501,0.152065809469,4.74377875401,0.715388082927
0.428825950536,1462119622.23,12.2196115752,0.0310078586846,0.547559186188,0.605495991183,0.172633606899,7.20291479818,0.756611770703
0.409045279364,1462119668.59,2.05630283724,0.0283089245809,0.115092957337,0.0954217406088,0.168203392736,5.46749623901,2.05578625125
0.400659619141,1462119713.75,0.441459916676,0.0393019396946,0.212322653685,0.340745219688,0.148311587779,7.67497537288,0.606197224811
0.398585955982,1462119758.81,0.00918572261386,0.0297729670919,0.0851813940521,0.050261363258,0.136986211404,6.48627164505,0.590887935157
0.399670598763,1462119804.04,0.0605747797022,0.0863410618796,0.0804799471165,0.0459443812405,0.0276285778802,0.690086337785,0.654782300949
0.789157459402,1462119850.14,0.0435497923591,0.0361806479913,6.75243283632,0.0282598640162,0.127072989589,0.810052184783,0.626972328099
0.411025850471,1462119896.11,0.0313218882441,0.0287154236468,0.020116531149,0.380405065022,0.560621484118,7.07884147017,2.52339782127
0.439862476045,1462119942.14,3.18653070043,0.0347369075349,0.0881347739917,0.0230764181582,0.140801672526,0.286740670726,0.680951554668
0.439516430428,1462119987.34,0.0799707433172,0.0242876917991,1.56381539269,1.32311579869,1.95687698282,5.32454760338,0.576216826542
0.395442093929,1462120032.72,0.057982498103,0.0331550038542,0.0736118880627,0.0417779152603,0.202951789868,5.99467534056,0.696329188189
0.5319029629,1462120078.42,0.0709958798512,0.0216575575728,3.84796678781,0.692591382503,0.166205495248,6.69110366745,0.729331400153
0.395915248855,1462120125.54,0.053622399162,0.0044144640506,0.102096183512,0.0407706825948,0.14476919569,6.31747177675,0.536206812788
0.408512290738,1462120171.87,0.567974378413,0.0416297164782,0.105603801897,0.94141753574,0.183971905581,1.66902978159,0.565769089972
0.405413617803,1462120217.89,0.0487451692198,0.0269522747807,0.184393427318,0.0394364035456,0.605489981989,1.49973932319,0.411296285051
0.406399420469,1462120263.6,1.68347974488,0.0305914996958,0.0934532387738,0.414308355471,0.327683352309,6.20143913423,0.784138451786
0.395456338263,1462120309.2,0.0777247806179,0.0258645228778,0.065640295798,0.0437264242206,0.129664202349,7.32840092689,0.64257613132
0.402961670984,1462120354.65,0.0404725904759,0.0531916366729,0.089412070302,0.824057046748,0.17998898526,43.7960796448,0.671792744781
0.63956701053,1462120401.71,0.0660329501477,0.0371477329977,0.111752064184,0.0551668177585,6.01030433288,6.55709714363,0.162325799765
0.421294144224,1462120448.13,2.49227094062,0.0725283431702,0.729285953801,0.0491473622002,0.0691159728326,0.841857656861,0.546476125582
0.395425248024,1462120493.91,0.0848679965238,0.0248892804831,0.125300878917,0.0477364551118,0.124656543374,2.22048862076,0.597472366479
0.485611033416,1462120540.15,0.604979372506,3.67781304392,0.154921646274,0.0446179141015,0.161712534812,5.64199663889,1.6131970827
0.421804412592,1462120586.49,0.0640865177783,0.0276515905154,1.16441617497,0.0507405041632,0.153954951033,6.95530125451,0.742633570478
0.419730745064,1462120631.78,0.0619924414723,0.0317040305621,0.928133781181,0.0538347811544,0.132348488997,5.78543731824,2.9115006383
0.415536867758,1462120677.45,0.89586930222,0.029274842812,0.0979005844271,0.0428232901203,0.12146996578,1.19205434158,0.615819034003
0.465490202009,1462120724.16,6.70253149467,0.0237290637229,0.0866310704578,0.0468028169485,0.134372823353,3.15643373552,0.51038939663
0.436708959839,1462120768.8,0.0560992673472,0.0264447391679,0.0945109910028,0.0846094861755,2.24585549708,0.0783700592821,0.797645951161
0.546705601779,1462120815.42,4.95492159336,0.00948661832036,0.109268713215,3.32245637488,0.513613297441,6.07592779173,0.482451175876
0.395404107888,1462120860.93,0.0686430030885,0.0299366958816,0.0997509920605,0.0379694012838,0.174651550112,5.14278791347,0.497936974185
0.41033370696,1462120906.44,0.768802556293,0.0322905818434,0.0827648355308,0.113540515336,1.15768653231,9.54153639507,0.710315535891
0.408022803541,1462120952.67,0.0498534158341,0.0255485541224,0.0844591920817,0.0521661053393,0.853845083411,5.87213496073,0.6624472511
0.465105412204,1462120998.07,0.0547795152276,0.109455622998,2.43261829015,0.0421102085304,0.141340812103,2.86465730927,0.634403107451
0.420264947029,1462121044.22,1.05193539307,0.0336941730913,0.0920077841991,0.0331323374242,0.147041381376,5.54481931552,0.452380553495
0.410046551368,1462121091.67,0.091072447319,1.10052877252,0.16046377043,0.0449692151911,0.429504657577,6.39998234595,0.771922074032
0.415281781552,1462121138.08,0.0375371233049,0.768260566141,0.0817080636493,0.0221237319948,0.151868512546,7.54720955599,0.586195709076
0.40129158606,1462121183.64,0.0752276478229,0.331826001097,0.354111261858,0.299382176831,0.162565912327,6.65033273635,0.72213297041
0.401935039433,1462121229.38,0.0722577282016,0.0285247052968,0.027629829069,0.0356086976678,0.157705129408,6.86437087944,0.250220876212
0.412013186524,1462121276.46,0.0469075895159,0.348868397598,0.854796225936,0.038967731809,0.188232090742,8.38880734384,0.692989127334
0.525761473065,1462121322.11,0.0605420893222,1.63881036793,0.10440104278,0.0411695633002,0.117723392283,7.16693303557,8.82498371765
0.963287187302,1462121368.51,3.89432273845,0.0140291648972,0.138752812445,11.3011570709,0.138413539461,6.21614714197,0.655911513433
0.394860760297,1462121414.52,0.0520749238157,0.0311454226405,0.079096261034,0.0434486484348,0.144047716204,7.38702618551,0.560820772001
0.399165795328,1462121460.29,0.276402019442,0.0304208567709,0.0962138936017,0.0496417334089,0.170733790528,0.777181281493,0.624620588249
0.42137313287,1462121506.24,9.45812249492,0.0278129763304,0.616688670912,0.0178502064743,0.155921676135,5.96590381432,3.44636287654
0.395137262308,1462121553.12,0.0576176907464,0.0274091738651,0.0718041012259,0.0246738246927,0.125225684737,7.99744046135,0.609186689324
0.454901321433,1462121600.22,0.0635745694793,0.0247228073879,0.0909146726747,1.84521402516,0.129009608422,1.74978564721,0.368996014328
0.488243743142,1462121647.48,0.067185132319,0.0270167787189,3.1460821052,2.21504224614,0.148415531802,5.33324105277,0.906942510291
0.402769941694,1462121693.25,0.0591427285513,0.0352080092128,0.107102191538,0.0344822378406,0.646246635862,7.82937280812,0.881009100224
0.417522385933,1462121739.43,0.0449997899013,0.028851783736,0.0989537307652,0.0549227837399,0.134258025009,6.52380006898,2.28956999685
0.719566881588,1462121785.97,0.06925657426,6.5243826743,0.117765996455,0.0630625254403,0.141849997438,6.31183689039,0.704396502815
0.396797319507,1462121832.8,0.0534180471646,0.0384837451364,0.088321782838,0.0457715681607,0.166062460419,2.34585818645,0.323367272206
0.432107978538,1462121880.03,0.0159154104092,1.85326280948,0.101745289092,0.0574727060367,0.211891899587,0.550891732153,0.80859830658
0.816368759731,1462121924.83,0.0829137852414,0.0326837802855,1.94817934217,7.04437393102,0.159036890295,6.76839902559,0.575814713878
0.403338578082,1462121970.72,0.00587759088076,0.0211975400955,0.113231680208,0.0483085974181,0.406569264268,1.34791556559,0.846673699105
0.428573224049,1462122017.04,0.0733864335563,0.0252998259788,0.0775813548325,0.0585642631008,1.81854164678,1.27318345509,0.679296191169
0.399848841965,1462122063.2,0.0623739320632,0.0294703445926,0.257230055609,0.0318172044384,0.149898874836,4.6192930876,0.441667086512
0.497565979617,1462122109.43,0.39045757379,0.0263520106457,0.049502444164,0.0513202014017,3.63343886259,6.06674667636,0.649676164257
0.404413702829,1462122156.59,0.102980490148,0.537649692694,0.307165990335,0.745254799255,0.120321601697,13.034005911,0.753646033686
0.407577131202,1462122203.2,0.0791349715382,0.0282217551245,0.0936227395052,0.0396052418536,0.769460670191,0.207043318595,0.527017013189
0.396392300155,1462122249.5,0.0655690035835,0.137998520977,0.0865869880832,0.0468153388417,0.177462154766,7.02352231445,0.554303042748
0.515358534013,1462122295.16,0.0431194045561,2.12223771143,0.12245663608,2.96529648259,0.136044211834,5.75466659525,0.596736862185
0.406494913471,1462122341.74,0.0502707149034,0.205944759623,0.0750746358416,0.040081561693,0.93792383068,5.46049049712,0.825346506207
0.408257274485,1462122388.13,0.0706071240302,0.0316196801458,0.0687151093037,0.037172851941,0.312216797811,0.969396206706,1.92294519328
0.446028406146,1462122435.88,0.0478361487118,1.49286150815,0.00872667460409,0.106655281375,0.0580165778026,4.80912464055,0.47038208031
0.397857038385,1462122481.94,0.0550868436988,0.0591806034348,0.0963798695965,0.0503904666636,0.37359114148,6.43563293772,0.733156881366
0.396014892744,1462122529.27,0.0583168210224,0.0231066871917,0.0843285752192,0.0536329397099,0.247416270353,4.41401125354,0.639062344476
0.466144414052,1462122576.02,0.240871270563,0.0957901773198,0.080496745579,0.137040824202,2.93019030392,7.23551107722,0.622033272204
0.394970921281,1462122622.33,0.0764016908768,0.0239482757647,0.0895018157765,0.0712572936008,0.195215722225,5.91273419608,0.661924442464
0.405756198685,1462122669.17,0.300206444394,0.496633669393,0.129310768103,0.0362208362517,0.123219468873,9.85653203187,0.688116278396
0.419375532573,1462122716.64,0.094757794885,0.0342554578848,0.170651698626,0.0421807979638,1.6029024849,6.6393284297,0.76727437911
0.840239709435,1462122762.83,1.40215408896,9.44798669474,0.0366501334659,1.41665138421,0.0427494813051,5.65774263813,1.31607848831
0.415356331342,1462122810.46,0.536878333745,0.996892757159,0.110504907825,0.32372611189,0.724992045683,2.63774028132,0.460679849759
0.402453649683,1462122857.07,0.0601240014322,0.0220440481499,0.103947140958,0.716043555232,0.462452022384,6.2138485018,0.584889791285
0.396612722171,1462122903.22,0.0872174968441,0.0225251298739,0.05871061243,0.0559124412498,0.131360704416,3.90274977897,0.535939382704
0.394896678778,1462122951.14,0.0567906716299,0.0280531474919,0.0952064332494,0.0521153925039,0.116307148786,6.78489791832,0.601257050467
0.394841293993,1462122998.8,0.0612088325741,0.027116024679,0.0915619110607,0.0533187062059,0.126830041296,6.9273162224,0.609459652434
0.394887655501,1462123045.83,0.0516136768399,0.0297719200321,0.100582228046,0.0485816181003,0.124197859801,7.10969437596,0.673594006966
0.394788311399,1462123092.9,0.0644984004329,0.028898541775,0.0981264939697,0.0523164360629,0.128620680426,7.67763091247,0.628135108798
0.394686913319,1462123139.93,0.0645867281227,0.030815604586,0.1028937484,0.0609544227798,0.145489958224,10.5623868753,0.646002158966
0.394741957637,1462123186.56,0.0675713401267,0.0306662522626,0.0987005485649,0.0606206145923,0.13552061456,13.4157547603,0.625011334532
0.394646166971,1462123235.45,0.0664141400878,0.0332781578734,0.0944410202622,0.0649060222103,0.145349346666,13.7829360506,0.644251831976
0.394658506603,1462123283.7,0.0721654766074,0.0333299561248,0.0933045715761,0.0650441967997,0.145566287842,15.3645239608,0.647014491731
0.394694483925,1462123330.33,0.0737836334429,0.0367990860425,0.0879682312932,0.0789615110034,0.138667801706,15.3527848578,0.683290048993
0.394837747689,1462123377.33,0.0844964465179,0.0372453036308,0.0874148018949,0.0741361943394,0.13680602845,16.4453875923,0.648728952378
0.394748324632,1462123424.0,0.0893722359786,0.0401459418688,0.0823513564977,0.0698051840629,0.143766380938,15.0637061691,0.706417368425
0.395078831486,1462123470.43,0.0812057950428,0.0362972602886,0.0853866728545,0.0644624678042,0.141103267161,14.0058760802,0.570213745107
0.394643338184,1462123517.25,0.0771265550348,0.0356120604413,0.0927206108563,0.0656677206328,0.138053851482,13.4372209016,0.697770605422
0.394630048535,1462123565.38,0.077647363652,0.0379888564725,0.0915038190849,0.078461782783,0.151926249392,15.5239496539,0.744717818309
0.394735673319,1462123612.22,0.100374029846,0.0392752002948,0.0937465826148,0.0678644603911,0.13903918307,15.523963444,0.74573684679
0.394736333445,1462123659.35,0.108043127393,0.0429729216309,0.0912362494203,0.0790317198577,0.152822465452,17.4493699274,0.718652171961
0.394675078985,1462123706.68,0.0791522700586,0.0383148768665,0.0834124667089,0.0727724643232,0.145727010063,18.1163200801,0.699677186417
0.394887600581,1462123753.76,0.0916911505685,0.0374342410335,0.0763456328613,0.0729032106465,0.147293975748,14.2031557183,0.781903823642
0.39484062855,1462123801.0,0.0972397090821,0.0380940917913,0.0800150567248,0.0651224618399,0.157068125786,14.6844165518,0.698257426408
0.394709806525,1462123848.82,0.0861380364856,0.0351078405465,0.0840836871027,0.066257437742,0.150635653592,18.3336828097,0.731044438501
0.394946786232,1462123896.8,0.078186887111,0.0357958495494,0.0740139359132,0.0691195898135,0.15360001509,12.5298984983,0.795836904287
0.394671512726,1462123944.08,0.0829480878252,0.0470651426535,0.0828834007854,0.0765332009437,0.142665818282,16.7189119265,0.759379171724
0.394987468111,1462123991.47,0.0892040352508,0.0459086360234,0.082284960013,0.0844525207802,0.140557993093,16.6434802838,0.866153494684
0.395092656322,1462124037.68,0.0820828878773,0.0453226465387,0.0728218477252,0.0776920580832,0.13162284938,17.0802559658,0.830401206766
0.394936686021,1462124085.74,0.0952143501251,0.0431364713412,0.0775099265047,0.0757595406737,0.133459606322,16.210430839,0.756874421474
0.395001071149,1462124133.28,0.113293147244,0.0416943498274,0.0791928390122,0.0886391004415,0.149891938131,17.9973332894,0.847683426922
0.395048350974,1462124180.44,0.0933186399934,0.0486197149327,0.0761786197667,0.0723050449269,0.159656318296,18.6955243721,0.895894418572
0.400678484204,1462124228.57,0.0793533934462,0.039769753287,0.086083822174,0.071306249285,0.0211132126037,19.9845744772,0.808423844088
0.422111620048,1462124276.18,0.0755420287768,0.0383202276403,0.0811038638116,0.0827601269451,0.142379967051,20.4449014877,2.73345328713
0.394707747484,1462124322.83,0.0772603081909,0.0410300017831,0.0831112421146,0.076649611146,0.146850480472,16.0662618735,0.762031921681
0.394741808124,1462124370.8,0.0849834706509,0.0387870761698,0.0851239528562,0.0745852890138,0.136993776612,19.2160918457,0.741856340971
0.394899938714,1462124419.14,0.0837616148251,0.0422470692349,0.0713863874047,0.067718938746,0.155123990886,17.0247161794,0.793070448588
0.395471437473,1462124466.36,0.100205037975,0.0403394354265,0.0673116475711,0.0910629627564,0.127469407384,21.132909786,0.711594555189
0.39491076689,1462124514.17,0.0802367383062,0.0441379468598,0.0696359266848,0.0632543278973,0.134171829536,17.8548863026,0.724562099133
0.394695994286,1462124561.47,0.0864671981873,0.0471880969343,0.0786711662431,0.0696178329172,0.151998606397,15.7509766322,0.772933672066
0.395431803979,1462124608.22,0.0885115765711,0.0379408186553,0.0637155416543,0.0864080697069,0.130025530419,13.574941463,0.825521281217
0.396197402431,1462124656.26,0.0745690683176,0.036056756171,0.0744654940487,0.0662263663758,0.144496219312,13.031119424,0.995527749234
0.394979221882,1462124704.46,0.0921015672461,0.0463609551232,0.0871173980671,0.0730432418425,0.119243175019,14.7996160424,0.692625482274
0.394989777039,1462124752.12,0.116087475292,0.0344386479607,0.081397959867,0.0780832322168,0.165248633467,14.1911698845,0.737924884283
0.394651894507,1462124800.14,0.0823710415504,0.0412322543138,0.092765068868,0.0706921630715,0.140150622487,15.2723137838,0.779675422069
0.395016228341,1462124847.57,0.0822736516031,0.0414927515445,0.0927916711756,0.0622964040648,0.138578875845,12.6271138592,0.885208686039
0.395111199538,1462124894.91,0.0712601493874,0.0397353539338,0.0946499321849,0.0703088706625,0.135033264334,11.5870662664,0.864615915239
0.394969930606,1462124942.35,0.104172304801,0.0433826400153,0.0902112730497,0.0807332857966,0.124523592275,15.1231525971,0.784031477985
0.395899569576,1462124991.59,0.109894457399,0.0371877702584,0.0923830807285,0.068882865187,0.141867722385,14.4073983126,1.06358365585
0.395202812559,1462125038.67,0.0974107766839,0.0352433327853,0.0964125462697,0.0638763417229,0.130163332403,13.7042568757,0.915301993314
0.394564473235,1462125087.06,0.0765189906342,0.0495186301172,0.0887738292319,0.0709876045193,0.149223025171,16.4565604754,0.755712410748
0.394717258452,1462125135.19,0.0768332256837,0.0505778360067,0.0885971142176,0.0657041995579,0.168993505883,15.4446793725,0.817691898954
0.395813228659,1462125182.31,0.0714896312641,0.0334105941599,0.0972937481777,0.0672465204333,0.162651187207,11.9351622096,0.967956030588
0.399548916567,1462125231.05,0.0691325781296,0.0366440813669,0.0909124233103,0.0704168408836,0.490355071191,16.353400912,0.852647116935
0.39459931387,1462125278.9,0.0757983053382,0.0521829186571,0.0944509327728,0.0680997939699,0.155303358203,12.8569764778,0.79494999188
0.394616571585,1462125326.44,0.087841528126,0.0487221152977,0.0952864689333,0.0684492866115,0.15772982527,13.1742971728,0.836942517197
0.394569658762,1462125374.5,0.0882774879448,0.053902538694,0.100523821932,0.0620567213732,0.159818984705,12.9834252679,0.843660592095
0.394694180053,1462125421.83,0.094117685768,0.0524757319113,0.106250749167,0.0622154783257,0.169038981473,11.1353335803,0.902056904603
0.394417160093,1462125469.31,0.100442321708,0.057817541532,0.107903871302,0.0744379262305,0.177323754065,13.3375894225,0.841612289866
0.394699032394,1462125517.78,0.117740406886,0.0563831553827,0.101975613908,0.0793780463909,0.174874936921,13.1185428112,0.953575029899
0.394493371169,1462125566.56,0.109625531426,0.0495297138727,0.10913117288,0.0751036287969,0.180529155999,12.0606298075,0.881630536219
0.394488293653,1462125614.39,0.122126066688,0.0548744991957,0.119819431223,0.0832759127785,0.180417181759,12.7875236925,0.927648329891
0.394604997475,1462125662.45,0.107240089594,0.0624210846379,0.115849100519,0.0749003075552,0.201299944225,12.7457209111,0.93057022903
0.394587434409,1462125710.62,0.117142561369,0.0543610183126,0.125067397605,0.0864456712524,0.184371433882,11.9239312214,0.9483159891
0.394907507563,1462125757.84,0.121372361853,0.0551646562299,0.126938842277,0.0957387427687,0.185921863875,12.1279182849,1.02899637769
0.394600334962,1462125806.82,0.141133208384,0.0583060522019,0.120689679567,0.101208224425,0.206184836644,11.862090746,1.00297327156
0.395444149915,1462125855.76,0.126829806044,0.0542879597869,0.117540320876,0.0831697994651,0.192873488056,12.1950976399,1.12912327827
0.394733637147,1462125903.41,0.111913892503,0.0568221973378,0.114509956255,0.0867661938535,0.218876477836,11.0354187021,0.955135304452
0.394724518215,1462125952.09,0.117545303271,0.0499415533455,0.130092950455,0.0902814014341,0.188643987358,11.5829428359,0.974659981324
0.394880881733,1462125999.96,0.104001472029,0.0668617210618,0.120995611546,0.0831251181085,0.177990267942,11.3315782826,0.989147859813
0.394926427491,1462126047.32,0.136525362937,0.0606304236889,0.132907478994,0.0858311892954,0.184127711104,10.8552802244,1.07549598365
0.394455198318,1462126096.3,0.125530889091,0.0531962697563,0.137101861942,0.0810603304712,0.182850602136,12.3541949435,0.920946820205
0.39438935354,1462126146.24,0.125380825017,0.0511726708467,0.137273407856,0.0926902613368,0.197204260632,12.3386123668,0.881746908788
0.394661463367,1462126194.3,0.154887583246,0.0515915633834,0.1474708607,0.0813293538701,0.22966620608,12.2078792366,1.04564286938
0.394416546464,1462126242.23,0.126256199158,0.0500736788039,0.143255114136,0.094584867114,0.196231583674,10.0689875563,0.881030211829
0.394425565916,1462126290.4,0.125921228827,0.0561846623344,0.141102575019,0.0945897386515,0.209073322618,10.1123704233,0.912907365103
0.394458221806,1462126337.83,0.125460888433,0.0627835461456,0.146845857351,0.0970382555015,0.222144306972,12.4117408615,0.922219824455
0.394288817786,1462126387.32,0.149004390862,0.06343229255,0.145382367799,0.0929000893154,0.233423471401,10.2713911417,0.9160192574
0.394405148705,1462126435.94,0.133170570001,0.0651698693804,0.151771567437,0.0930320958594,0.24199145852,10.0966731897,0.900137421721
0.394415376986,1462126483.39,0.134007179207,0.0582578046161,0.151563541893,0.0935972351106,0.240111286006,10.3188949864,0.894824421238
0.394699551555,1462126531.26,0.14819874402,0.0701068535699,0.163310733136,0.0998955760609,0.281494287871,9.21175705393,1.01156925362
0.394358279883,1462126579.4,0.158493377619,0.0653926745054,0.157539645405,0.0928273666032,0.268618193688,9.73825434978,0.891429026077
0.394306658845,1462126628.02,0.165187935513,0.0647833448818,0.156917055802,0.0933015426811,0.263033152241,10.3858793836,0.878114095585
0.39443710356,1462126677.46,0.144098329985,0.0664703583192,0.157701915054,0.10266819133,0.266241492475,10.5217627103,0.895586494867
0.3942811519,1462126726.99,0.163396501376,0.0651898049313,0.152146727628,0.0924321593097,0.244270283315,9.87809986832,0.942704326569
0.394508223499,1462126775.22,0.164140342861,0.0788236509552,0.168245954803,0.106386555084,0.260403050346,9.57206635356,1.0327925263
0.394350058115,1462126823.12,0.176400394507,0.0733218454886,0.181883990997,0.0994793210855,0.255936761117,9.29339611415,0.969594894338
0.394601565776,1462126871.81,0.180656233508,0.0737651470126,0.156244686624,0.111109154789,0.255870835368,10.3205570885,1.10405186241
0.394337113636,1462126920.87,0.187770566643,0.0703629903923,0.176361974587,0.0991825155117,0.273621640233,9.31620046625,0.98059464612
0.395214122186,1462126970.3,0.193732911986,0.0691996930537,0.179370111333,0.12076691348,0.235054838584,9.831444687,1.24412882829
0.394491858326,1462127018.36,0.168588544742,0.0780605082601,0.191035128321,0.0985528689933,0.268714611901,9.30050645427,0.982894836798
0.394351089269,1462127067.25,0.207818400467,0.071633170001,0.173334053817,0.109704744952,0.253032140463,8.96857124976,1.06406146021
0.394506838317,1462127115.71,0.224971464894,0.0709419594402,0.17597847192,0.108744952242,0.250508693634,8.73834427399,1.14224581087
0.395116043611,1462127163.99,0.174552469974,0.0829222495536,0.182359139991,0.103909426009,0.289653574395,9.07636122781,1.18889090728
0.394691353815,1462127213.43,0.204652668607,0.0747904256808,0.166953502223,0.114230156562,0.27638592706,9.38398708683,1.16122527384
0.394562669008,1462127262.36,0.186834880449,0.0682477630364,0.171164862697,0.0978670613485,0.294286011139,10.8145495151,1.05421853733
0.394517605416,1462127311.24,0.214029726777,0.0640221094397,0.197489082293,0.119155700014,0.244849448213,8.98166888189,1.0777756144
0.394400468284,1462127360.44,0.195205036655,0.0606584439766,0.145900357874,0.127274635934,0.224922968539,9.46073631123,1.01881878384
0.394929101934,1462127408.7,0.153540064106,0.0811596614299,0.189306054754,0.104792207553,0.261256190095,9.80993785461,1.09782218542
0.395355692591,1462127457.15,0.175419923877,0.0724792127754,0.17307308895,0.0904975504799,0.304812584169,10.3506555201,1.21587746238
0.39465341302,1462127506.78,0.181349495046,0.068115269098,0.161561395549,0.10819170396,0.255805948411,8.48687949528,1.11250180353
0.394273535847,1462127557.22,0.162910681505,0.0712470117143,0.150153306516,0.0881689028475,0.234764014346,9.64037678106,0.965217834937
0.39434273117,1462127605.45,0.162995534134,0.0628246452943,0.165071446644,0.0883696557245,0.214597976847,8.66634276841,0.963635342116
0.394287613878,1462127654.41,0.165561732612,0.061369732724,0.160183207822,0.0874231498004,0.232774025393,10.5486358634,0.94243813119
0.394465959129,1462127702.65,0.146438996768,0.0641927130931,0.144361087469,0.101575168495,0.231894233746,10.952933509,0.990179234769
0.394291621832,1462127751.48,0.166336734421,0.0598078746958,0.15351841516,0.0892825619623,0.240419676522,10.7623761676,0.943684905412
0.394398737731,1462127800.53,0.140231804198,0.0613385514306,0.154284107008,0.0894226482207,0.225454284519,11.3965921807,0.940876400147
0.394492037511,1462127849.68,0.168407669603,0.0598211202126,0.149721388574,0.0915576162239,0.236386518407,10.7967855643,1.04141403633
0.394438495591,1462127897.42,0.149563757952,0.0667103856648,0.139446214125,0.0844992898543,0.213989065664,10.6377224743,1.0048261423
0.394356793777,1462127947.21,0.155038855191,0.0612597258983,0.158832803934,0.0876283999657,0.240432115492,9.95612121984,0.947816353185
0.394308528988,1462127996.01,0.158146882479,0.0588556906839,0.149100624487,0.095837270531,0.226603749585,9.62105517774,0.943494684352
0.394322287475,1462128044.07,0.198474501357,0.0656764515643,0.131988387521,0.0898275476349,0.220885233164,11.5906491388,0.87163132301
0.394300121861,1462128092.79,0.160848772826,0.0596052820215,0.135361774516,0.0878797130315,0.245899419775,10.3369365591,0.913350944284
0.394686687372,1462128142.92,0.171221883893,0.0618159285053,0.134327998314,0.0857773681484,0.285008353185,10.2811113577,1.04119478239
0.394534183169,1462128192.07,0.149496050472,0.0597750663483,0.14064442367,0.0890133669348,0.233287360399,11.222018482,1.01501690652
0.394409445478,1462128241.57,0.160322172741,0.0556925392267,0.135357760323,0.0969525854861,0.249413631638,10.5687546057,0.960987959332
0.394437963307,1462128291.79,0.231185041504,0.0633954611579,0.143838322711,0.0847990577698,0.244820913243,11.0545434522,0.858456240495
0.394352128245,1462128340.22,0.143461455688,0.0575684173436,0.152114397104,0.0879747194987,0.229069242711,67.9494185219,0.916614433426
0.394279149536,1462128389.08,0.222575573804,0.068327215585,0.162955438889,0.103436692673,0.218826186338,9.66170722428,1.00331023403
0.394810136236,1462128438.32,0.188393693653,0.0750079767881,0.147828779227,0.104081817869,0.207821049748,8.85402131301,1.16136604703
0.394520714657,1462128488.06,0.222893402529,0.0678269621204,0.163594203713,0.0913144017779,0.219088506763,9.67333678195,1.12708444835
0.394537393406,1462128536.79,0.183446727552,0.0765913842416,0.170420018736,0.0960617850807,0.237000965464,10.0105916463,1.09827322239
0.394819777517,1462128585.95,0.138543572436,0.0689651539266,0.153749102367,0.0822366902975,0.202188755587,10.7017193486,1.07064346998
0.394303572528,1462128635.73,0.201523505767,0.0638061193144,0.161707910955,0.102199374357,0.216331228622,11.6762521672,0.99990374743
0.394357202804,1462128685.15,0.169050294935,0.0673710227698,0.167276315552,0.113137920835,0.224004752198,9.15247107395,0.977222274428
0.394525194837,1462128733.68,0.153391496227,0.0618701371708,0.146062250775,0.0800785068032,0.213404722036,11.3577504413,1.03088249728
0.394219338054,1462128782.63,0.176709737335,0.0703049087873,0.139280266131,0.0981840670986,0.239263011931,9.50719678459,0.938125461553
0.394366731853,1462128832.2,0.256329860061,0.0876305335625,0.142197866996,0.098792924498,0.232025535885,10.1827602168,1.09318395043
0.394576426486,1462128881.48,0.131038113452,0.0796642419651,0.149307879862,0.0943247511468,0.205077881854,8.27431415723,0.996889723528
0.394358783651,1462128931.4,0.181183508795,0.0697432208013,0.139193846589,0.0968264229893,0.209540964647,9.82677424327,1.02186470509
0.394260326338,1462128982.37,0.192518511996,0.0725957165106,0.12965544631,0.101069925995,0.249823237971,9.53885679283,0.934538107878
0.394442221357,1462129030.94,0.194124671968,0.0848817554492,0.127385275036,0.099878356989,0.25282657585,9.47574274325,1.05906006022
