Video_Name,y_train
2015_08_20-16_51_31__16_51_33_V1440082290_991.mp4,23.380625690502431
2015_07_22-16_48_17__16_48_19_V1437576497_002.mp4,27.000506219666196
2015_08_20-16_56_09__16_56_11_V1440082568_998.mp4,15.354547061829127
2015_08_06-10_29_32__10_29_34_V1438849772_005.mp4,24.598784944265709
2015_08_20-18_57_49__18_57_51_V1440089869_019.mp4,24.520765236925673
2015_08_20-18_42_46__18_42_48_V1440088966_010.mp4,21.905671049080443
2015_08_06-10_15_54__10_15_56_V1438848954_010.mp4,28.401064700520507
2015_08_20-18_29_57__18_29_59_V1440088197_006.mp4,24.316588617293846
2015_08_13-09_04_27__09_04_29_V1439449466_998.mp4,24.276034840219257
2015_08_06-09_39_15__09_39_17_V1438846755_002.mp4,27.634108698111501
2015_08_13-09_48_22__09_48_24_V1439452102_008.mp4,23.481790826093636
2015_08_20-18_58_03__18_58_05_V1440089883_016.mp4,25.957508322666289
2015_08_06-10_15_28__10_15_30_V1438848928_014.mp4,26.960743623039338
2015_08_13-09_21_58__09_22_00_V1439450518_007.mp4,24.08019909202828
2015_08_06-10_10_41__10_10_43_V1438848641_008.mp4,21.437232151714241
2015_08_20-18_43_59__18_44_01_V1440089038_995.mp4,18.441573322514984
2015_08_06-10_29_42__10_29_44_V1438849782_003.mp4,16.813858885426399
2015_08_13-08_59_56__08_59_58_V1439449196_018.mp4,29.059768792663135
2015_08_20-18_01_44__18_01_46_V1440086504_001.mp4,33.919920819755617
2015_08_20-16_45_35__16_45_37_V1440081935_006.mp4,30.842027532553015
2015_07_23-14_16_23__14_16_25_V1437653783_017.mp4,25.559789504715699
2015_08_06-10_28_37__10_28_39_V1438849717_018.mp4,13.893990330065327
2015_08_20-16_44_26__16_44_28_V1440081866_021.mp4,25.147878895791361
2015_08_20-17_09_53__17_09_55_V1440083393_025.mp4,24.185447289903941
2015_08_06-10_22_39__10_22_41_V1438849359_024.mp4,23.23274846005911
2015_08_06-09_45_15__09_45_17_V1438847114_995.mp4,27.047439655956413
2015_08_13-08_52_45__08_52_47_V1439448765_009.mp4,22.063422595180359
2015_08_20-16_37_44__16_37_46_V1440081464_006.mp4,20.947848780987503
2015_08_20-18_41_28__18_41_30_V1440088887_997.mp4,18.688045615217277
2015_07_23-13_52_10__13_52_12_V1437652329_998.mp4,20.173377134478184
2015_08_20-17_15_12__17_15_14_V1440083711_992.mp4,19.93545678205582
2015_08_13-09_51_19__09_51_21_V1439452279_003.mp4,25.754689544690546
2015_08_20-18_31_24__18_31_26_V1440088284_022.mp4,30.385043744808439
2015_08_20-16_44_59__16_45_01_V1440081899_006.mp4,22.639386252958595
2015_08_20-18_36_59__18_37_01_V1440088619_017.mp4,20.110549208120506
2015_07_23-13_44_03__13_44_05_V1437651843_003.mp4,24.031879522770183
2015_08_06-09_45_54__09_45_56_V1438847154_024.mp4,23.563102994693789
2015_08_06-09_51_44__09_51_46_V1438847504_013.mp4,20.75695061447567
2015_08_20-18_58_30__18_58_32_V1440089910_010.mp4,21.958776356540092
2015_08_13-09_42_29__09_42_31_V1439451749_017.mp4,21.072416835375602
2015_07_22-16_24_47__16_24_49_V1437575087_008.mp4,16.358916055956872
2015_08_20-18_50_13__18_50_15_V1440089413_015.mp4,25.292593443737363
2015_08_20-16_46_47__16_46_49_V1440082007_018.mp4,31.8882256517923
2015_08_20-17_09_49__17_09_51_V1440083388_992.mp4,18.977535388684483
2015_08_19-18_08_53__18_08_55_V1440000533_020.mp4,28.946326102656759
2015_08_13-09_29_33__09_29_35_V1439450973_013.mp4,15.049107757606915
2015_08_20-16_48_06__16_48_08_V1440082086_001.mp4,28.382443177171631
2015_08_20-17_53_43__17_53_45_V1440086023_000.mp4,23.366057486674016
2015_08_06-09_48_23__09_48_25_V1438847303_021.mp4,26.273318901881868
2015_08_20-18_01_15__18_01_17_V1440086475_008.mp4,31.800314106670658
2015_07_23-13_58_08__13_58_10_V1437652688_022.mp4,29.844080617731791
2015_08_20-17_50_06__17_50_08_V1440085806_014.mp4,28.526107122344076
2015_08_06-10_11_38__10_11_40_V1438848697_996.mp4,30.267126590297853
2015_08_20-18_09_09__18_09_11_V1440086949_004.mp4,24.092902356612452
2015_08_13-09_02_52__09_02_54_V1439449372_016.mp4,34.96609410297156
2015_08_13-09_26_50__09_26_52_V1439450810_013.mp4,17.816982903944513
2015_08_20-17_46_37__17_46_39_V1440085597_027.mp4,22.447585292941621
2015_08_06-10_05_39__10_05_41_V1438848339_005.mp4,26.074920697593232
2015_08_20-18_08_37__18_08_39_V1440086917_011.mp4,27.511805826230503
2015_08_06-10_06_01__10_06_03_V1438848361_000.mp4,21.433741426659008
2015_08_20-17_10_05__17_10_07_V1440083405_022.mp4,20.299926757734688
2015_08_20-16_47_11__16_47_13_V1440082031_012.mp4,26.185696311118274
2015_08_13-09_31_49__09_31_51_V1439451109_016.mp4,27.264180224609749
2015_07_23-13_38_17__13_38_19_V1437651497_012.mp4,28.026042036281556
2015_08_06-10_24_14__10_24_16_V1438849454_005.mp4,15.339114740110173
2015_08_06-09_45_47__09_45_49_V1438847147_026.mp4,31.172499412863289
2015_08_13-09_21_56__09_21_58_V1439450516_008.mp4,23.687706454347911
2015_07_22-16_24_51__16_24_53_V1437575091_007.mp4,27.751308941179097
2015_08_06-09_45_18__09_45_20_V1438847117_994.mp4,28.618561270848463
2015_08_06-10_28_09__10_28_11_V1438849689_023.mp4,28.460369405900373
2015_07_22-16_23_03__16_23_05_V1437574982_994.mp4,30.022172514433386
2015_08_13-09_47_49__09_47_51_V1439452069_016.mp4,30.070117972323445
2015_08_20-16_34_53__16_34_55_V1440081293_001.mp4,35.023558214933473
2015_08_13-08_59_25__08_59_27_V1439449165_025.mp4,19.234997415215805
2015_08_06-10_21_56__10_21_58_V1438849316_000.mp4,22.273358384598215
2015_08_20-17_14_03__17_14_05_V1440083643_007.mp4,39.40402611134175
2015_08_20-17_45_31__17_45_33_V1440085531_006.mp4,20.641878072857853
2015_07_22-16_45_31__16_45_33_V1437576331_005.mp4,21.867995632263188
2015_07_23-13_56_46__13_56_48_V1437652606_011.mp4,13.682024454439798
2015_08_06-10_23_33__10_23_35_V1438849413_013.mp4,27.607915994003207
2015_08_13-09_40_56__09_40_58_V1439451656_001.mp4,23.561235166256569
2015_08_20-16_45_32__16_45_34_V1440081932_007.mp4,30.747254074837137
2015_07_22-16_32_48__16_32_50_V1437575568_002.mp4,25.82542166398439
2015_08_13-09_01_11__09_01_13_V1439449271_003.mp4,25.613889951365028
2015_08_20-17_33_15__17_33_17_V1440084794_994.mp4,39.667627804524066
2015_08_20-18_56_24__18_56_26_V1440089784_003.mp4,24.652028219521569
2015_08_13-09_22_24__09_22_26_V1439450544_002.mp4,21.989659067095204
2015_08_20-16_34_32__16_34_34_V1440081272_010.mp4,23.910115736517842
2015_08_20-16_47_04__16_47_06_V1440082024_022.mp4,30.37329790526293
2015_07_23-13_34_55__13_34_57_V1437651295_022.mp4,20.756089474639829
2015_08_20-18_56_52__18_56_54_V1440089811_998.mp4,20.563740582030594
2015_08_13-09_37_59__09_38_01_V1439451479_005.mp4,29.118110988868107
2015_08_20-16_42_54__16_42_56_V1440081774_000.mp4,33.659438861861702
2015_08_13-09_05_34__09_05_36_V1439449534_014.mp4,36.555968251814178
2015_08_20-17_46_43__17_46_45_V1440085603_030.mp4,34.995616424103382
2015_08_20-18_56_39__18_56_41_V1440089799_000.mp4,23.237945621996865
2015_08_20-16_37_39__16_37_41_V1440081459_001.mp4,27.083634740167398
2015_08_13-08_59_09__08_59_11_V1439449148_994.mp4,24.252184474911562
2015_08_13-09_14_46__09_14_48_V1439450085_998.mp4,26.265744690227006
2015_08_06-10_02_39__10_02_41_V1438848159_009.mp4,21.254587933758405
2015_08_20-18_42_54__18_42_56_V1440088974_008.mp4,27.697765398784799
2015_08_13-09_31_33__09_31_35_V1439451093_020.mp4,24.448007163531809
2015_08_13-09_02_26__09_02_28_V1439449346_022.mp4,16.824979417397376
2015_08_20-18_56_43__18_56_45_V1440089802_999.mp4,23.589420953465662
2015_08_06-10_14_14__10_14_16_V1438848853_999.mp4,21.654434952710194
2015_08_06-09_57_59__09_58_01_V1438847879_000.mp4,20.905299442110998
2015_08_20-16_54_21__16_54_23_V1440082461_025.mp4,26.369441580824819
2015_08_06-10_06_27__10_06_29_V1438848386_994.mp4,25.796960895827333
2015_07_22-16_31_42__16_31_44_V1437575502_016.mp4,15.880010434995187
2015_07_22-16_55_18__16_55_20_V1437576918_012.mp4,38.208846281600657
2015_08_06-10_02_02__10_02_04_V1438848122_017.mp4,18.332596012710326
2015_08_20-16_47_27__16_47_29_V1440082047_010.mp4,27.32895470666864
2015_08_20-16_50_40__16_50_42_V1440082240_002.mp4,20.079953530541559
2015_07_22-16_27_08__16_27_10_V1437575228_008.mp4,24.596382847368261
2015_07_23-14_01_25__14_01_27_V1437652885_012.mp4,25.444853358766505
2015_08_20-18_41_31__18_41_33_V1440088890_995.mp4,21.612249519538118
2015_08_20-16_50_51__16_50_53_V1440082250_999.mp4,23.022574857873451
2015_08_20-17_10_01__17_10_03_V1440083401_023.mp4,25.532199643220544
2015_08_20-18_01_33__18_01_35_V1440086493_002.mp4,27.146654955645502
2015_07_22-16_56_53__16_56_55_V1437577013_025.mp4,26.020471801097255
2015_08_06-09_46_40__09_46_42_V1438847200_011.mp4,29.777870070617507
2015_08_06-10_04_04__10_04_06_V1438848244_024.mp4,23.026065583804311
2015_08_06-10_21_16__10_21_18_V1438849276_009.mp4,30.916445326419868
2015_07_23-13_49_37__13_49_39_V1437652176_999.mp4,20.838686932760002
2015_08_13-09_35_07__09_35_09_V1439451307_008.mp4,24.588777928355476
2015_07_23-14_16_19__14_16_21_V1437653779_018.mp4,18.921255942111983
2015_08_06-09_57_43__09_57_45_V1438847863_004.mp4,25.360553144482466
2015_08_20-17_43_48__17_43_50_V1440085428_027.mp4,26.910637183789273
2015_07_23-13_35_08__13_35_10_V1437651308_019.mp4,18.761892955710959
2015_08_06-09_40_52__09_40_54_V1438846852_015.mp4,30.167423374368052
2015_07_22-16_47_10__16_47_12_V1437576430_016.mp4,24.524436289918526
2015_08_06-09_54_31__09_54_33_V1438847671_010.mp4,22.256344669318452
2015_07_23-13_56_14__13_56_16_V1437652574_016.mp4,20.752227109394354
2015_08_06-09_52_24__09_52_26_V1438847544_003.mp4,20.986916280943237
2015_08_20-18_38_31__18_38_33_V1440088710_997.mp4,26.167470431817421
2015_08_06-10_10_25__10_10_27_V1438848625_011.mp4,23.124889377867131
2015_08_06-10_20_56__10_20_58_V1438849256_015.mp4,33.787327363662406
2015_07_22-16_40_20__16_40_22_V1437576020_005.mp4,28.93902321579225
2015_08_20-17_10_13__17_10_15_V1440083413_020.mp4,28.45863130226375
2015_07_23-14_14_07__14_14_09_V1437653647_013.mp4,23.57975384806727
2015_07_23-14_21_30__14_21_32_V1437654090_021.mp4,28.270475881947313
2015_07_23-14_21_15__14_21_17_V1437654075_021.mp4,31.22481878881484
2015_08_20-17_15_52__17_15_54_V1440083752_020.mp4,29.792263214370454
2015_08_13-09_23_15__09_23_17_V1439450595_024.mp4,17.748488962373017
2015_07_22-16_47_04__16_47_06_V1437576424_018.mp4,29.069577925479148
2015_08_20-16_42_28__16_42_30_V1440081748_009.mp4,28.479573066976357
2015_08_06-10_23_47__10_23_49_V1438849427_010.mp4,17.118223008469045
2015_07_23-13_36_39__13_36_41_V1437651399_001.mp4,24.737444162737603
2015_08_06-10_16_52__10_16_54_V1438849011_998.mp4,20.110652926890349
2015_07_23-14_14_00__14_14_02_V1437653640_016.mp4,24.15700034223941
2015_08_06-10_26_08__10_26_10_V1438849568_015.mp4,27.79491357777307
2015_08_13-09_35_25__09_35_27_V1439451325_004.mp4,19.850636729557362
2015_08_06-10_26_13__10_26_15_V1438849573_017.mp4,19.312446382925955
2015_07_23-14_16_38__14_16_40_V1437653798_016.mp4,22.470946717435403
2015_08_13-08_55_09__08_55_11_V1439448909_013.mp4,22.301256598786019
2015_07_23-13_41_17__13_41_19_V1437651677_007.mp4,25.462264884060779
2015_08_20-16_43_34__16_43_36_V1440081814_029.mp4,23.549948054864569
2015_08_06-10_24_11__10_24_13_V1438849451_005.mp4,26.335330680443263
2015_08_06-10_22_33__10_22_35_V1438849353_026.mp4,16.70840514165489
2015_08_06-10_10_44__10_10_46_V1438848644_006.mp4,18.166698011046417
2015_08_06-10_19_06__10_19_08_V1438849146_003.mp4,25.006580201289808
2015_07_23-13_51_56__13_51_58_V1437652316_001.mp4,29.723878533898308
2015_07_23-14_07_55__14_07_57_V1437653274_994.mp4,22.979614672041073
2015_08_19-18_03_47__18_03_49_V1440000227_018.mp4,21.322495379110386
2015_08_20-18_30_05__18_30_07_V1440088205_005.mp4,28.613776774378028
2015_08_19-18_08_51__18_08_53_V1440000531_021.mp4,23.809023950238426
2015_08_20-17_46_40__17_46_42_V1440085600_026.mp4,33.375845282621277
2015_08_20-16_41_23__16_41_25_V1440081683_020.mp4,29.75497740398788
2015_08_20-17_51_41__17_51_43_V1440085901_026.mp4,26.529146669351643
2015_08_06-10_16_45__10_16_47_V1438849004_999.mp4,21.542997226952988
2015_08_06-10_22_36__10_22_38_V1438849356_025.mp4,18.474735538043532
2015_07_22-16_58_32__16_58_34_V1437577112_003.mp4,23.766203073729844
2015_08_20-18_39_56__18_39_58_V1440088796_015.mp4,24.446215103977593
2015_08_06-09_58_02__09_58_04_V1438847882_000.mp4,28.741111923862828
2015_08_20-17_43_39__17_43_41_V1440085418_996.mp4,27.506040266611681
2015_08_13-09_43_20__09_43_22_V1439451800_007.mp4,22.719828553512411
2015_07_22-16_58_40__16_58_42_V1437577120_002.mp4,20.698759438013131
2015_07_22-16_28_29__16_28_31_V1437575309_024.mp4,19.129522447306734
2015_08_06-09_39_31__09_39_33_V1438846770_998.mp4,24.365195351898745
2015_07_23-14_09_09__14_09_11_V1437653349_011.mp4,22.408560749530537
2015_08_20-16_51_37__16_51_39_V1440082297_024.mp4,32.828910222634853
2015_07_22-16_56_06__16_56_08_V1437576966_004.mp4,27.64502222157666
2015_07_22-16_38_22__16_38_24_V1437575902_002.mp4,23.423351416846728
2015_08_06-09_59_43__09_59_45_V1438847983_015.mp4,30.882413157832232
2015_07_23-14_12_49__14_12_51_V1437653568_998.mp4,22.891744210521168
2015_07_22-16_58_04__16_58_06_V1437577084_009.mp4,27.466015708133941
2015_08_13-09_43_43__09_43_45_V1439451823_006.mp4,24.374988445003336
2015_08_20-18_25_30__18_25_32_V1440087929_996.mp4,22.596057786408021
2015_08_13-09_36_56__09_36_58_V1439451416_019.mp4,19.980633943089369
2015_08_20-16_45_13__16_45_15_V1440081913_014.mp4,25.164946480599422
2015_08_20-17_55_19__17_55_21_V1440086119_014.mp4,30.195557047630352
2015_08_20-18_25_36__18_25_38_V1440087935_995.mp4,23.691009860143449
2015_08_20-17_11_29__17_11_31_V1440083489_004.mp4,16.970038291331317
2015_08_13-09_36_59__09_37_01_V1439451419_018.mp4,22.85768185094868
2015_08_13-09_41_48__09_41_50_V1439451708_027.mp4,30.9916147160219
2015_07_22-16_44_39__16_44_41_V1437576279_015.mp4,35.106753812949307
2015_08_06-10_19_46__10_19_48_V1438849186_027.mp4,20.481837254573378
2015_07_22-16_23_39__16_23_41_V1437575019_020.mp4,26.067442423431864
2015_08_20-17_20_47__17_20_49_V1440084047_021.mp4,27.95500615404228
2015_07_23-13_58_53__13_58_55_V1437652733_012.mp4,31.034590495306244
2015_08_06-10_20_50__10_20_52_V1438849250_014.mp4,18.711262846853767
2015_08_06-09_49_15__09_49_17_V1438847355_010.mp4,20.106529867420161
2015_08_20-18_33_24__18_33_26_V1440088403_997.mp4,21.953043840341063
2015_08_13-09_04_08__09_04_10_V1439449447_998.mp4,24.900590473952533
2015_08_20-18_51_31__18_51_33_V1440089490_999.mp4,24.649753259179178
2015_08_20-17_34_16__17_34_18_V1440084856_014.mp4,28.652467870881708
2015_08_20-18_55_29__18_55_31_V1440089729_015.mp4,29.059532482907436
2015_08_20-17_13_55__17_13_57_V1440083635_008.mp4,21.519226544350584
2015_07_22-16_48_53__16_48_55_V1437576532_994.mp4,26.724173017468797
2015_08_20-18_05_00__18_05_02_V1440086700_024.mp4,22.321009032256871
2015_08_20-17_49_55__17_49_57_V1440085795_017.mp4,20.416967291294142
2015_07_23-14_17_17__14_17_19_V1437653837_006.mp4,23.566794503804186
2015_08_13-08_56_51__08_56_53_V1439449011_024.mp4,23.117723691348193
2015_08_20-18_33_14__18_33_16_V1440088393_998.mp4,24.126480765666024
2015_08_20-18_51_22__18_51_24_V1440089482_001.mp4,29.194505549897677
2015_08_20-17_47_14__17_47_16_V1440085634_023.mp4,28.163459691417355
2015_08_13-09_51_05__09_51_07_V1439452265_007.mp4,27.639355781681836
2015_08_20-18_57_02__18_57_04_V1440089821_995.mp4,27.151071868542598
2015_07_23-14_22_28__14_22_30_V1437654148_010.mp4,30.09327736808093
2015_07_23-13_58_48__13_58_50_V1437652728_014.mp4,22.371775641136239
2015_08_13-08_59_53__08_59_55_V1439449193_019.mp4,26.307667468946484
2015_08_06-09_39_04__09_39_06_V1438846744_004.mp4,18.238630573196797
2015_08_20-16_48_48__16_48_50_V1440082127_992.mp4,30.259704305710351
2015_08_20-17_50_49__17_50_51_V1440085849_004.mp4,25.606699308470613
2015_07_23-14_12_23__14_12_25_V1437653543_003.mp4,19.064225141673592
2015_08_06-09_45_21__09_45_23_V1438847121_031.mp4,22.623245689842776
2015_08_06-10_24_22__10_24_24_V1438849462_003.mp4,19.08392640610024
2015_08_20-18_27_44__18_27_46_V1440088064_003.mp4,23.411768739738719
2015_08_20-18_37_13__18_37_15_V1440088633_014.mp4,31.075299684221203
2015_08_13-09_16_54__09_16_56_V1439450214_005.mp4,27.684600236279984
2015_08_20-16_45_06__16_45_08_V1440081906_011.mp4,20.166477476322157
2015_07_23-14_12_02__14_12_04_V1437653522_008.mp4,23.778812795904511
2015_07_23-13_31_48__13_31_50_V1437651107_998.mp4,25.754688403420651
2015_08_06-10_17_06__10_17_08_V1438849025_994.mp4,18.750966165878129
2015_08_20-17_45_37__17_45_39_V1440085537_003.mp4,26.694741794563019
2015_07_23-14_21_24__14_21_26_V1437654084_025.mp4,23.08031369190298
2015_08_20-18_48_22__18_48_24_V1440089302_010.mp4,19.830686560676792
2015_08_20-17_11_22__17_11_24_V1440083482_006.mp4,27.359233809517605
2015_08_13-09_04_14__09_04_16_V1439449453_997.mp4,26.508825809554224
2015_08_20-18_35_41__18_35_43_V1440088541_001.mp4,26.73281663183948
2015_08_20-18_33_01__18_33_03_V1440088381_000.mp4,31.100181468220718
2015_08_20-18_03_36__18_03_38_V1440086616_011.mp4,30.834945635479688
2015_07_23-13_52_18__13_52_20_V1437652337_997.mp4,23.994237281646136
2015_07_22-16_19_33__16_19_35_V1437574773_006.mp4,20.342392680444828
2015_08_20-18_26_48__18_26_50_V1440088008_022.mp4,25.758040396542974
2015_08_06-09_49_33__09_49_35_V1438847373_006.mp4,24.236463772188038
2015_08_20-17_51_49__17_51_51_V1440085908_995.mp4,32.052596640027069
2015_08_06-10_16_27__10_16_29_V1438848987_003.mp4,23.136639696197857
2015_08_06-09_41_51__09_41_53_V1438846911_003.mp4,21.281140284397775
2015_07_22-16_46_42__16_46_44_V1437576402_023.mp4,31.663156605875066
2015_08_06-10_26_18__10_26_20_V1438849578_012.mp4,22.146175475908702
2015_08_20-16_45_45__16_45_47_V1440081945_003.mp4,22.166940844537983
2015_08_20-17_15_41__17_15_43_V1440083741_020.mp4,34.081923622297992
2015_07_23-13_47_51__13_47_53_V1437652071_021.mp4,16.887329880661362
2015_07_23-14_01_21__14_01_23_V1437652881_014.mp4,24.501994594481634
2015_08_13-09_48_25__09_48_27_V1439452105_007.mp4,15.220909323662235
2015_08_20-16_56_27__16_56_29_V1440082586_998.mp4,31.023703425425069
2015_08_20-18_44_10__18_44_12_V1440089050_027.mp4,20.176979107646314
2015_07_23-13_40_59__13_41_01_V1437651659_010.mp4,27.415879047642989
2015_08_06-10_24_46__10_24_48_V1438849485_998.mp4,21.01028382152608
2015_07_22-16_31_39__16_31_41_V1437575499_016.mp4,19.276734564126269
2015_07_23-13_36_42__13_36_44_V1437651402_000.mp4,24.334488415660136
2015_07_22-16_23_24__16_23_26_V1437575004_026.mp4,21.921885029142445
2015_08_20-17_14_51__17_14_53_V1440083690_995.mp4,19.583981706631494
2015_08_20-16_49_34__16_49_36_V1440082174_015.mp4,26.821262360193174
2015_08_20-17_35_08__17_35_10_V1440084908_004.mp4,34.287705790957979
2015_07_22-16_56_37__16_56_39_V1437576996_994.mp4,30.97595126266496
2015_08_20-18_37_10__18_37_12_V1440088630_015.mp4,24.662361292718977
2015_08_20-18_48_17__18_48_19_V1440089297_007.mp4,23.984944459358726
2015_08_06-09_37_25__09_37_27_V1438846644_993.mp4,21.32247267511228
2015_08_06-10_29_39__10_29_41_V1438849779_004.mp4,19.435971122923053
2015_08_06-09_39_52__09_39_54_V1438846791_995.mp4,20.760913385047186
2015_08_20-16_49_15__16_49_17_V1440082155_021.mp4,29.156115778564224
2015_07_23-13_50_30__13_50_32_V1437652230_020.mp4,30.692036999166852
2015_07_23-14_12_40__14_12_42_V1437653559_999.mp4,22.825717263290187
2015_07_23-14_20_19__14_20_21_V1437654019_000.mp4,30.29794084597328
2015_08_20-18_27_05__18_27_07_V1440088025_012.mp4,26.578307741508311
2015_08_06-10_17_35__10_17_37_V1438849055_021.mp4,25.03129408953852
2015_07_23-13_59_57__13_59_59_V1437652796_997.mp4,24.438817596882711
2015_08_06-10_19_13__10_19_15_V1438849153_001.mp4,15.293415419014245
2015_08_19-18_04_35__18_04_37_V1440000275_008.mp4,26.632882017129798
2015_08_20-16_50_02__16_50_04_V1440082202_010.mp4,21.077005003065548
2015_07_23-13_34_39__13_34_41_V1437651278_994.mp4,18.407581215558615
2015_07_23-13_52_08__13_52_10_V1437652327_999.mp4,18.64344579038859
2015_07_22-16_56_44__16_56_46_V1437577003_993.mp4,29.065206366325196
2015_07_23-13_39_38__13_39_40_V1437651577_996.mp4,26.354377717787063
2015_08_20-17_33_32__17_33_34_V1440084812_026.mp4,25.605835900491883
2015_08_06-10_03_50__10_03_52_V1438848230_029.mp4,32.774767606176852
2015_08_20-16_37_41__16_37_43_V1440081460_999.mp4,24.822440555000913
2015_08_20-17_10_07__17_10_09_V1440083407_025.mp4,20.569162052951754
2015_08_19-18_07_09__18_07_11_V1440000429_009.mp4,35.116319963302082
2015_08_20-17_37_02__17_37_04_V1440085022_013.mp4,27.808367560032195
2015_08_20-18_25_59__18_26_01_V1440087959_024.mp4,18.76985543029129
2015_08_20-16_37_35__16_37_37_V1440081455_001.mp4,27.726713392046857
2015_07_23-13_30_42__13_30_44_V1437651042_012.mp4,19.387500106083731
2015_08_13-09_07_06__09_07_08_V1439449625_995.mp4,22.175636267560684
2015_08_20-17_50_02__17_50_04_V1440085802_014.mp4,36.754155169572591
2015_08_20-17_14_25__17_14_27_V1440083665_001.mp4,24.143849683127335
2015_08_06-10_23_10__10_23_12_V1438849390_017.mp4,25.270680849998559
2015_08_20-18_03_55__18_03_57_V1440086635_004.mp4,21.360416135117784
2015_08_13-09_07_00__09_07_02_V1439449619_996.mp4,28.13404938757521
2015_07_23-13_34_30__13_34_32_V1437651270_027.mp4,22.638858410262838
2015_08_20-17_34_12__17_34_14_V1440084852_018.mp4,23.073262117907927
2015_08_20-16_48_09__16_48_11_V1440082089_001.mp4,20.019041456658712
2015_08_20-17_46_54__17_46_56_V1440085614_023.mp4,22.870612013631373
2015_07_23-13_48_57__13_48_59_V1437652137_008.mp4,32.263552590835339
2015_08_20-18_33_58__18_34_00_V1440088438_022.mp4,22.244720682786756
2015_08_20-16_42_34__16_42_36_V1440081754_007.mp4,17.427251604448866
2015_07_22-16_48_43__16_48_45_V1437576522_996.mp4,21.711763088315625
2015_07_23-14_05_46__14_05_48_V1437653146_023.mp4,21.892957865065018
2015_08_20-18_04_53__18_04_55_V1440086686_028.mp4,28.676818028298431
2015_07_23-14_10_47__14_10_49_V1437653447_024.mp4,23.210887291592375
2015_08_06-10_18_22__10_18_24_V1438849102_011.mp4,22.7009608864246
2015_08_13-08_52_35__08_52_37_V1439448755_010.mp4,28.808902365473376
2015_08_06-10_24_54__10_24_56_V1438849493_998.mp4,21.47541645095416
2015_08_06-09_36_35__09_36_37_V1438846595_002.mp4,32.636257975291045
2015_08_20-18_08_02__18_08_04_V1440086882_019.mp4,27.073366846115992
2015_07_23-13_57_39__13_57_41_V1437652658_996.mp4,26.936938998798325
2015_08_20-17_50_31__17_50_33_V1440085831_009.mp4,34.388954378361085
2015_08_20-16_55_52__16_55_54_V1440082552_002.mp4,27.842478998207369
2015_08_06-10_30_39__10_30_41_V1438849839_024.mp4,28.093829118484379
2015_08_20-17_13_40__17_13_42_V1440083620_011.mp4,22.176435194880231
2015_08_20-18_30_34__18_30_36_V1440088233_999.mp4,30.499841261889529
2015_07_23-13_47_16__13_47_18_V1437652035_998.mp4,21.448937324963119
2015_07_22-16_26_43__16_26_45_V1437575203_013.mp4,26.243410910465681
2015_08_13-09_32_20__09_32_22_V1439451140_011.mp4,15.162178581862243
2015_08_20-18_57_44__18_57_46_V1440089864_020.mp4,23.959411264855341
2015_08_06-10_23_41__10_23_43_V1438849421_017.mp4,18.536717876780209
2015_08_20-16_51_20__16_51_22_V1440082279_997.mp4,16.565608379018986
2015_07_22-16_49_30__16_49_32_V1437576570_022.mp4,25.461982367878441
2015_08_06-10_16_39__10_16_41_V1438848999_001.mp4,26.341912008906817
2015_08_20-16_37_47__16_37_49_V1440081466_997.mp4,25.127242403075826
2015_08_20-18_01_19__18_01_21_V1440086479_008.mp4,31.318047502190513
2015_08_06-09_46_44__09_46_46_V1438847204_011.mp4,23.057375946626614
2015_08_13-09_40_05__09_40_07_V1439451605_013.mp4,21.041889248511353
2015_08_06-09_38_08__09_38_10_V1438846688_016.mp4,33.732649944057812
2015_08_13-09_49_41__09_49_43_V1439452181_024.mp4,17.712192607050458
2015_08_20-16_38_38__16_38_40_V1440081518_021.mp4,34.277367190380652
2015_08_20-18_57_13__18_57_15_V1440089833_027.mp4,21.063058073892311
2015_08_06-10_06_08__10_06_10_V1438848367_998.mp4,24.471776390909582
2015_08_20-17_40_51__17_40_53_V1440085250_999.mp4,33.971307683617383
2015_08_20-18_09_40__18_09_42_V1440086979_998.mp4,31.840241439167549
2015_08_20-17_45_16__17_45_18_V1440085516_009.mp4,26.639797745122713
2015_08_06-10_08_46__10_08_48_V1438848525_998.mp4,22.53131763426984
2015_07_22-16_57_35__16_57_37_V1437577055_016.mp4,25.360122519485596
2015_08_20-16_56_52__16_56_54_V1440082612_026.mp4,30.676461669074186
2015_08_20-16_45_49__16_45_51_V1440081949_004.mp4,19.205059961162696
2015_08_06-10_21_03__10_21_05_V1438849263_012.mp4,28.891683586284593
2015_08_20-16_52_30__16_52_32_V1440082350_013.mp4,22.110324035992257
2015_08_20-17_46_08__17_46_10_V1440085567_997.mp4,15.051260975056186
2015_08_13-09_46_41__09_46_43_V1439452000_996.mp4,25.860267676375607
2015_07_22-16_19_36__16_19_38_V1437574776_006.mp4,23.195193828955549
2015_08_20-18_58_00__18_58_02_V1440089880_018.mp4,30.798174886174831
2015_07_22-16_44_42__16_44_44_V1437576282_015.mp4,32.80383673561137
2015_08_20-18_37_27__18_37_29_V1440088647_011.mp4,21.460466490235842
2015_07_22-16_52_38__16_52_40_V1437576758_014.mp4,17.16766888617887
2015_08_20-17_50_16__17_50_18_V1440085816_012.mp4,23.588118599269585
2015_07_23-14_21_56__14_21_58_V1437654116_013.mp4,22.671532462906931
2015_08_20-18_30_24__18_30_26_V1440088224_002.mp4,28.440438364336668
2015_07_22-16_28_24__16_28_26_V1437575304_025.mp4,24.673089717703416
2015_08_20-17_51_06__17_51_08_V1440085866_001.mp4,22.286631034853002
2015_07_22-16_57_18__16_57_20_V1437577038_020.mp4,26.551057649372684
2015_08_20-18_09_14__18_09_16_V1440086954_003.mp4,25.752533471859667
2015_08_13-09_32_06__09_32_08_V1439451126_014.mp4,25.92333871214522
2015_08_06-10_03_27__10_03_29_V1438848206_999.mp4,32.465314621948529
2015_08_20-18_38_26__18_38_28_V1440088705_998.mp4,28.664918894525769
2015_08_20-18_53_52__18_53_54_V1440089632_002.mp4,19.527561920447688
2015_07_23-14_22_39__14_22_41_V1437654159_003.mp4,28.857455371899185
2015_07_22-16_57_57__16_57_59_V1437577077_010.mp4,26.930287758944928
2015_08_20-18_33_17__18_33_19_V1440088396_998.mp4,24.287592027225511
2015_07_23-13_39_51__13_39_53_V1437651591_025.mp4,27.876988791820263
2015_08_20-18_01_39__18_01_41_V1440086499_003.mp4,30.571390540176552
2015_07_23-14_09_01__14_09_03_V1437653341_014.mp4,32.311460556431761
2015_08_20-16_49_19__16_49_21_V1440082159_018.mp4,19.306748350279111
2015_08_20-17_14_27__17_14_29_V1440083667_000.mp4,26.778970713650125
2015_08_20-18_53_45__18_53_47_V1440089625_006.mp4,36.917364861211922
2015_08_13-09_28_30__09_28_32_V1439450910_029.mp4,20.383416477182507
2015_07_23-14_16_15__14_16_17_V1437653775_019.mp4,25.393086149269784
2015_08_20-18_57_39__18_57_41_V1440089859_021.mp4,21.287185077525688
2015_07_23-13_37_06__13_37_08_V1437651425_994.mp4,24.778479722774044
2015_08_13-09_48_53__09_48_55_V1439452133_002.mp4,14.692044004442222
2015_08_13-09_32_13__09_32_15_V1439451133_013.mp4,24.048714671676525
2015_08_20-17_14_55__17_14_57_V1440083694_994.mp4,26.1628084204843
2015_08_20-17_54_10__17_54_12_V1440086049_995.mp4,23.217874283863903
2015_08_20-18_47_38__18_47_40_V1440089258_015.mp4,21.925591765196636
2015_08_20-18_56_32__18_56_34_V1440089792_001.mp4,25.098676882511683
2015_07_22-16_55_10__16_55_12_V1437576910_013.mp4,29.761641955816909
2015_08_20-16_44_46__16_44_48_V1440081886_010.mp4,31.623774006347137
2015_07_22-16_48_39__16_48_41_V1437576518_998.mp4,27.063641850602568
2015_08_20-16_47_06__16_47_08_V1440082026_017.mp4,28.8375779904976
2015_08_06-10_05_56__10_05_58_V1438848356_000.mp4,21.004989261739702
2015_08_13-09_48_06__09_48_08_V1439452086_012.mp4,24.8807188229205
2015_07_23-13_42_02__13_42_04_V1437651722_001.mp4,23.652760999226292
2015_07_23-13_31_09__13_31_11_V1437651069_006.mp4,27.711281201772859
2015_08_20-18_03_31__18_03_33_V1440086611_011.mp4,33.293400649552879
2015_07_23-13_30_34__13_30_36_V1437651034_014.mp4,17.935932253060827
2015_07_23-13_49_02__13_49_04_V1437652142_006.mp4,25.953576102085371
2015_07_23-13_56_33__13_56_35_V1437652593_009.mp4,19.751269291433921
2015_08_20-17_45_49__17_45_51_V1440085549_002.mp4,36.106092484916879
2015_08_20-18_01_30__18_01_32_V1440086490_004.mp4,27.73270084945549
2015_07_23-14_19_25__14_19_27_V1437653965_012.mp4,26.484384048921097
2015_08_06-09_56_24__09_56_26_V1438847784_020.mp4,20.829213544275149
2015_07_23-13_41_12__13_41_14_V1437651672_011.mp4,25.653736671680907
2015_07_22-16_26_39__16_26_41_V1437575199_014.mp4,20.195449274397131
2015_08_13-09_14_01__09_14_03_V1439450041_009.mp4,26.63821193837218
2015_08_20-17_44_24__17_44_26_V1440085464_020.mp4,27.098765216196806
2015_07_22-16_47_27__16_47_29_V1437576447_013.mp4,31.239006868769224
2015_08_13-09_05_31__09_05_33_V1439449531_016.mp4,30.425550614739215
2015_08_06-10_31_18__10_31_20_V1438849878_016.mp4,27.428210387481045
2015_08_20-18_37_22__18_37_24_V1440088642_012.mp4,24.590770221715999
2015_08_13-09_19_52__09_19_54_V1439450392_000.mp4,27.288355136907924
2015_07_23-13_56_39__13_56_41_V1437652599_010.mp4,23.069416157519182
2015_08_20-18_05_43__18_05_45_V1440086743_015.mp4,29.569564938800927
2015_07_22-16_54_47__16_54_49_V1437576887_018.mp4,37.844107918377802
2015_08_20-16_42_31__16_42_33_V1440081751_008.mp4,24.112854074244847
2015_08_20-18_42_42__18_42_44_V1440088962_010.mp4,29.848883759787235
2015_08_20-17_46_11__17_46_13_V1440085570_997.mp4,16.262214088341089
2015_07_23-13_56_27__13_56_29_V1437652587_013.mp4,24.509207797636137
2015_07_22-16_52_47__16_52_49_V1437576767_013.mp4,23.596920098339098
2015_07_23-14_16_55__14_16_57_V1437653815_012.mp4,25.90383887733444
2015_08_13-09_20_54__09_20_56_V1439450454_023.mp4,14.181787174038131
2015_08_20-17_52_20__17_52_22_V1440085940_018.mp4,22.249189815397514
2015_07_23-13_48_54__13_48_56_V1437652134_007.mp4,27.103119863531216
2015_08_13-08_57_04__08_57_06_V1439449024_021.mp4,17.687884977681243
2015_07_22-16_48_02__16_48_04_V1437576482_005.mp4,20.360169728723662
2015_08_13-09_08_40__09_08_42_V1439449720_011.mp4,27.085584128406893
2015_08_13-09_01_45__09_01_47_V1439449304_995.mp4,19.021211387964296
2015_08_13-08_54_32__08_54_34_V1439448872_020.mp4,27.390732923791866
2015_08_20-18_52_33__18_52_35_V1440089553_018.mp4,22.380272476497357
2015_08_06-10_31_40__10_31_42_V1438849900_011.mp4,27.0886119874767
2015_08_20-18_34_32__18_34_34_V1440088472_016.mp4,21.829608091045596
2015_08_06-10_18_03__10_18_05_V1438849083_016.mp4,22.404678922459052
2015_08_13-09_09_33__09_09_35_V1439449772_997.mp4,24.574092688499828
2015_08_20-18_30_22__18_30_24_V1440088222_003.mp4,29.72887265851697
2015_08_20-17_47_34__17_47_36_V1440085654_015.mp4,23.751889519646266
2015_08_20-17_50_37__17_50_39_V1440085837_007.mp4,23.667340467245864
2015_08_20-18_38_11__18_38_13_V1440088691_001.mp4,34.102174538111747
2015_08_13-09_32_40__09_32_42_V1439451160_005.mp4,17.92542794109594
2015_08_06-10_09_44__10_09_46_V1438848584_020.mp4,27.621929267565179
2015_08_13-08_54_23__08_54_25_V1439448863_022.mp4,32.60292713988494
2015_07_22-16_20_46__16_20_48_V1437574846_023.mp4,25.296341833078795
2015_08_06-10_28_02__10_28_04_V1438849681_994.mp4,21.419053454380396
2015_08_06-10_19_33__10_19_35_V1438849172_997.mp4,24.067427705731959
2015_07_22-16_42_21__16_42_23_V1437576141_012.mp4,21.726168735569839
2015_08_20-16_40_54__16_40_56_V1440081654_025.mp4,20.523881878671038
2015_08_20-17_13_59__17_14_01_V1440083639_007.mp4,26.935549784538427
2015_08_20-17_41_49__17_41_51_V1440085309_018.mp4,26.413853263479979
2015_08_06-09_55_51__09_55_53_V1438847750_994.mp4,22.083849114667007
2015_07_23-14_18_14__14_18_16_V1437653893_994.mp4,23.131513271473043
2015_08_13-09_07_34__09_07_36_V1439449654_022.mp4,24.103981467650268
2015_08_20-18_04_49__18_04_51_V1440086688_993.mp4,21.843393165433628
2015_08_20-16_37_29__16_37_31_V1440081449_003.mp4,25.738505273132859
2015_08_06-09_37_50__09_37_52_V1438846670_019.mp4,33.72819798339097
2015_08_20-18_04_14__18_04_16_V1440086654_000.mp4,26.597507192924216
2015_08_06-10_19_17__10_19_19_V1438849156_999.mp4,24.203166638356706
2015_07_22-16_41_17__16_41_19_V1437576077_027.mp4,31.232299027691791
2015_08_06-09_58_06__09_58_08_V1438847886_000.mp4,26.772812491408132
2015_08_20-18_55_14__18_55_16_V1440089714_018.mp4,24.520466860521971
2015_08_20-16_35_12__16_35_14_V1440081311_999.mp4,20.981595904809133
2015_07_22-16_49_23__16_49_25_V1437576563_021.mp4,29.483806614525488
2015_08_20-16_42_23__16_42_25_V1440081743_006.mp4,19.751023246287684
2015_08_20-18_39_54__18_39_56_V1440088794_015.mp4,23.341688476257296
2015_07_23-13_49_10__13_49_12_V1437652150_004.mp4,22.184144569522964
2015_08_06-10_17_38__10_17_40_V1438849058_020.mp4,18.746938380783334
2015_08_20-16_49_53__16_49_55_V1440082193_012.mp4,28.005433166534377
2015_07_23-13_30_24__13_30_26_V1437651024_014.mp4,21.955399640129418
2015_08_20-17_50_54__17_50_56_V1440085854_005.mp4,34.072878956528022
2015_08_20-18_08_40__18_08_42_V1440086920_013.mp4,30.383839149698488
2015_08_20-17_52_14__17_52_16_V1440085934_021.mp4,29.508209479693495
2015_07_23-14_17_57__14_17_59_V1437653876_998.mp4,25.96319276487198
2015_08_20-18_32_09__18_32_11_V1440088329_014.mp4,25.312889155014325
2015_08_20-16_56_11__16_56_13_V1440082570_998.mp4,25.965800957283427
2015_08_20-17_53_01__17_53_03_V1440085981_010.mp4,24.034687167510221
2015_07_23-14_08_38__14_08_40_V1437653318_018.mp4,32.671962109977322
2015_08_20-18_25_51__18_25_53_V1440087950_997.mp4,29.513839240829689
2015_08_13-09_27_25__09_27_27_V1439450845_005.mp4,16.079902743084705
2015_08_06-10_31_03__10_31_05_V1438849863_020.mp4,21.211420094946451
2015_08_13-09_48_04__09_48_06_V1439452084_013.mp4,25.909979602251255
2015_08_13-09_16_09__09_16_11_V1439450169_014.mp4,20.522637796166528
2015_08_06-10_20_17__10_20_19_V1438849217_021.mp4,34.627787441011556
2015_08_20-18_29_54__18_29_56_V1440088194_008.mp4,34.297487950825058
2015_08_20-16_46_59__16_47_01_V1440082019_023.mp4,29.462239866831435
2015_08_13-09_34_53__09_34_55_V1439451293_011.mp4,21.115238181434762
2015_08_20-16_34_25__16_34_27_V1440081265_014.mp4,24.971890268951835
2015_08_06-10_30_58__10_31_00_V1438849858_020.mp4,14.646172275113464
2015_08_06-10_31_36__10_31_38_V1438849896_013.mp4,26.603522181122781
2015_07_22-16_56_40__16_56_42_V1437576999_997.mp4,33.971512073829579
2015_08_20-17_11_52__17_11_54_V1440083512_001.mp4,21.620342345925252
2015_08_20-16_51_17__16_51_19_V1440082276_994.mp4,16.870254143035531
2015_08_06-10_31_11__10_31_13_V1438849871_017.mp4,19.402859570566505
2015_08_20-16_49_50__16_49_52_V1440082190_016.mp4,30.934412446226165
2015_07_22-16_56_34__16_56_36_V1437576993_996.mp4,26.21264902724835
2015_08_20-17_52_25__17_52_27_V1440085945_019.mp4,28.784835473935381
2015_08_20-16_44_55__16_44_57_V1440081895_011.mp4,26.214198990548091
2015_07_22-16_40_02__16_40_04_V1437576002_008.mp4,29.017163820756917
2015_08_20-16_57_02__16_57_04_V1440082622_021.mp4,21.124899541196964
2015_08_20-17_49_40__17_49_42_V1440085780_019.mp4,18.71223744708351
2015_07_22-16_46_55__16_46_57_V1437576415_020.mp4,24.652373111009297
2015_08_20-16_49_57__16_49_59_V1440082197_010.mp4,25.537363131773986
2015_08_06-10_09_42__10_09_44_V1438848582_019.mp4,26.822302465141135
2015_08_13-09_03_05__09_03_07_V1439449385_015.mp4,17.774042386218429
2015_07_23-13_40_57__13_40_59_V1437651657_010.mp4,31.339023738614674
2015_08_13-09_22_47__09_22_49_V1439450566_998.mp4,27.951828270775742
2015_08_20-17_33_21__17_33_23_V1440084800_993.mp4,24.392234682633436
2015_07_22-16_33_18__16_33_20_V1437575597_995.mp4,14.996160655987058
2015_08_06-10_02_15__10_02_17_V1438848135_013.mp4,30.447657249901432
2015_08_06-10_03_46__10_03_48_V1438848225_994.mp4,25.549521020536151
2015_08_20-18_43_06__18_43_08_V1440088986_006.mp4,26.755947887617211
2015_08_20-16_45_09__16_45_11_V1440081909_005.mp4,21.954106586506512
2015_07_22-16_52_59__16_53_01_V1437576779_008.mp4,16.472140319379282
2015_08_20-18_37_34__18_37_36_V1440088654_011.mp4,25.573146025645098
2015_08_13-08_54_59__08_55_01_V1439448899_014.mp4,18.819023875068147
2015_08_06-10_29_26__10_29_28_V1438849766_006.mp4,27.578392536945742
2015_08_13-09_08_31__09_08_33_V1439449711_011.mp4,21.82833450593586
2015_08_20-17_45_40__17_45_42_V1440085540_003.mp4,19.925382859556947
2015_08_20-17_34_19__17_34_21_V1440084859_017.mp4,24.140032841820659
2015_07_22-16_57_29__16_57_31_V1437577049_017.mp4,23.238435578778159
2015_07_23-13_56_05__13_56_07_V1437652565_015.mp4,18.597458224310419
2015_08_06-09_56_02__09_56_04_V1438847762_025.mp4,25.308595654761355
2015_07_22-16_38_18__16_38_20_V1437575897_997.mp4,19.21878514471533
2015_08_20-18_43_56__18_43_58_V1440089035_997.mp4,24.63200734683863
2015_08_06-10_28_50__10_28_52_V1438849730_013.mp4,19.45397456925199
2015_08_20-18_25_41__18_25_43_V1440087940_995.mp4,30.804884408973919
2015_08_06-10_13_59__10_14_01_V1438848839_003.mp4,32.444494652151782
2015_08_06-09_51_18__09_51_20_V1438847478_018.mp4,31.481920115129057
2015_07_22-16_58_13__16_58_15_V1437577093_008.mp4,23.764203074156267
2015_08_06-09_49_20__09_49_22_V1438847360_011.mp4,26.525950050697084
2015_08_20-18_34_04__18_34_06_V1440088444_024.mp4,29.314962102367542
2015_08_20-18_27_17__18_27_19_V1440088037_007.mp4,34.06853194555557
2015_08_06-10_24_39__10_24_41_V1438849478_999.mp4,20.63511917942693
2015_07_22-16_21_45__16_21_47_V1437574905_010.mp4,28.032229225022839
2015_08_06-09_40_59__09_41_01_V1438846859_013.mp4,26.099299990308335
2015_08_20-17_41_53__17_41_55_V1440085313_018.mp4,21.135906097493102
2015_08_20-18_25_48__18_25_50_V1440087948_026.mp4,29.911690818293913
2015_08_13-09_46_47__09_46_49_V1439452006_994.mp4,24.139714623842682
2015_08_06-09_43_37__09_43_39_V1438847017_013.mp4,25.035960007563173
2015_08_20-16_56_24__16_56_26_V1440082583_996.mp4,29.551147009273905
2015_08_20-18_32_05__18_32_07_V1440088325_013.mp4,25.327011007915491
2015_08_06-09_44_37__09_44_39_V1438847077_001.mp4,22.288386541539339
2015_08_20-16_49_13__16_49_15_V1440082153_022.mp4,30.036224194429916
2015_08_20-17_13_50__17_13_52_V1440083630_007.mp4,27.274150654742584
2015_08_13-08_53_09__08_53_11_V1439448789_004.mp4,22.13658912175395
2015_08_20-16_38_31__16_38_33_V1440081510_993.mp4,21.770512517199705
2015_07_23-14_21_53__14_21_55_V1437654113_013.mp4,25.578933241676427
2015_08_06-09_50_18__09_50_20_V1438847417_997.mp4,20.184251234951194
2015_08_06-10_24_27__10_24_29_V1438849467_003.mp4,18.180465615396507
2015_08_06-10_30_53__10_30_55_V1438849853_024.mp4,14.934528143995333
2015_08_20-17_11_25__17_11_27_V1440083485_005.mp4,20.400074708968969
2015_08_20-16_56_15__16_56_17_V1440082574_997.mp4,28.856756022221735
2015_07_23-14_22_00__14_22_02_V1437654120_013.mp4,23.117882011204095
2015_07_22-16_39_53__16_39_55_V1437575993_011.mp4,24.654924721218297
2015_08_19-18_07_32__18_07_34_V1440000452_006.mp4,28.01915689755409
2015_08_06-10_17_21__10_17_23_V1438849041_024.mp4,21.818648483956196
2015_08_20-17_20_43__17_20_45_V1440084043_021.mp4,23.908264150413991
2015_08_06-10_26_21__10_26_23_V1438849581_019.mp4,30.306455974934835
2015_08_13-09_04_17__09_04_19_V1439449457_004.mp4,26.361334571477826
2015_08_20-18_04_33__18_04_35_V1440086672_996.mp4,17.872205755221074
2015_08_13-08_57_08__08_57_10_V1439449028_019.mp4,22.201919145451438
2015_08_20-18_30_27__18_30_29_V1440088227_001.mp4,20.755620802591597
2015_08_20-17_52_03__17_52_05_V1440085923_026.mp4,31.175773665760058
2015_07_22-16_43_16__16_43_18_V1437576196_004.mp4,31.032870075300938
2015_08_19-18_05_16__18_05_18_V1440000315_998.mp4,25.275567899232616
2015_08_06-09_51_31__09_51_33_V1438847491_015.mp4,25.223216952127682
2015_08_13-09_04_10__09_04_12_V1439449449_998.mp4,29.785154826415944
2015_08_06-10_20_30__10_20_32_V1438849230_019.mp4,20.369877063500109
2015_08_06-10_27_39__10_27_41_V1438849658_997.mp4,22.803413042889051
2015_08_06-09_48_35__09_48_37_V1438847315_018.mp4,15.325309965056777
2015_07_23-13_47_46__13_47_48_V1437652066_023.mp4,26.521475054646988
2015_07_23-14_23_04__14_23_06_V1437654184_000.mp4,23.01899185265335
2015_08_13-08_56_19__08_56_21_V1439448978_997.mp4,30.652517597999633
2015_08_20-18_25_54__18_25_56_V1440087954_027.mp4,22.681444529111776
2015_08_06-10_23_05__10_23_07_V1438849385_020.mp4,27.63672567688673
2015_08_13-09_05_28__09_05_30_V1439449528_015.mp4,25.688222499399195
2015_08_06-10_26_25__10_26_27_V1438849585_010.mp4,25.730378341649391
2015_08_06-09_38_48__09_38_50_V1438846728_008.mp4,22.077397605036751
2015_08_06-09_54_25__09_54_27_V1438847665_011.mp4,19.250581894482991
2015_08_06-10_27_49__10_27_51_V1438849668_993.mp4,22.212988951320185
2015_08_13-09_19_16__09_19_18_V1439450356_008.mp4,23.043095108260506
2015_08_19-18_03_13__18_03_15_V1440000192_991.mp4,30.286510611468735
2015_08_20-16_44_31__16_44_33_V1440081871_016.mp4,30.740204232785093
2015_07_22-16_22_30__16_22_32_V1437574950_001.mp4,29.531305214751477
2015_08_13-09_26_52__09_26_54_V1439450812_014.mp4,19.300142750846412
2015_08_20-17_52_54__17_52_56_V1440085974_011.mp4,28.784523644408647
2015_07_23-14_23_15__14_23_17_V1437654194_998.mp4,19.235302650123387
2015_08_06-10_08_34__10_08_36_V1438848514_001.mp4,23.308904541754956
2015_08_20-16_50_18__16_50_20_V1440082218_007.mp4,27.757590973970764
2015_08_20-17_57_04__17_57_06_V1440086224_024.mp4,29.786785054563886
2015_08_20-16_46_56__16_46_58_V1440082016_016.mp4,24.073613400503046
2015_08_20-16_47_58__16_48_00_V1440082078_003.mp4,21.937037728881041
2015_07_23-13_51_50__13_51_52_V1437652310_002.mp4,18.832902314476453
2015_08_13-09_15_24__09_15_26_V1439450124_023.mp4,22.405143276730691
2015_07_23-14_18_25__14_18_27_V1437653905_025.mp4,21.770759425487942
2015_08_06-09_55_47__09_55_49_V1438847747_028.mp4,22.043797069580492
2015_08_20-17_40_32__17_40_34_V1440085232_001.mp4,30.020124245996133
2015_07_22-16_55_21__16_55_23_V1437576921_012.mp4,31.016939406649147
2015_07_22-16_57_05__16_57_07_V1437577025_022.mp4,20.923933620522266
2015_08_06-09_43_04__09_43_06_V1438846984_021.mp4,24.227782639445259
2015_07_22-16_30_24__16_30_26_V1437575424_000.mp4,17.188655664370003
2015_07_22-16_38_01__16_38_03_V1437575881_004.mp4,19.06794604130603
2015_07_23-13_52_03__13_52_05_V1437652323_000.mp4,13.335092336866554
2015_08_13-09_01_02__09_01_04_V1439449262_004.mp4,24.446321857047071
2015_08_20-18_01_25__18_01_27_V1440086485_004.mp4,26.270595676143358
2015_08_13-09_09_30__09_09_32_V1439449769_997.mp4,21.478570682911275
2015_08_13-09_44_14__09_44_16_V1439451853_994.mp4,25.771425607327963
2015_08_20-16_43_43__16_43_45_V1440081823_026.mp4,23.836989960879745
2015_08_06-10_17_51__10_17_53_V1438849071_017.mp4,20.473913784166268
2015_07_23-13_59_50__13_59_52_V1437652790_000.mp4,28.796557194817222
2015_07_23-14_12_52__14_12_54_V1437653571_996.mp4,18.143380721364682
2015_08_20-18_47_31__18_47_33_V1440089251_016.mp4,28.426163985664399
2015_07_22-16_42_49__16_42_51_V1437576169_006.mp4,28.548753221473515
2015_08_20-17_10_51__17_10_53_V1440083451_013.mp4,29.867573767047055
2015_08_06-10_23_44__10_23_46_V1438849424_012.mp4,17.083256588669865
2015_07_22-16_23_21__16_23_23_V1437575001_026.mp4,26.738462974649302
2015_08_20-18_05_40__18_05_42_V1440086740_015.mp4,34.162312595395214
2015_08_06-09_43_19__09_43_21_V1438846999_017.mp4,22.724848734964901
2015_07_23-14_18_16__14_18_18_V1437653895_994.mp4,24.50687745924537
2015_08_20-16_55_32__16_55_34_V1440082532_011.mp4,29.165158957664705
2015_07_22-16_34_10__16_34_12_V1437575650_021.mp4,28.151851764136897
2015_08_13-09_49_49__09_49_51_V1439452188_997.mp4,20.066599098383737
2015_08_20-17_41_04__17_41_06_V1440085263_995.mp4,30.645502354038179
2015_08_20-18_38_06__18_38_08_V1440088686_003.mp4,30.215243255886723
2015_08_20-17_14_33__17_14_35_V1440083672_999.mp4,24.61159906180751
2015_08_20-16_55_36__16_55_38_V1440082536_007.mp4,24.044950388497448
2015_08_06-10_19_03__10_19_05_V1438849143_004.mp4,18.017578271531463
2015_08_20-18_25_33__18_25_35_V1440087932_997.mp4,23.421784761517284
2015_07_22-16_28_31__16_28_33_V1437575311_024.mp4,21.979889286884038
2015_08_20-16_56_58__16_57_00_V1440082618_026.mp4,17.798441659977371
2015_08_20-17_11_20__17_11_22_V1440083480_007.mp4,25.432615546580962
2015_08_20-18_57_10__18_57_12_V1440089829_993.mp4,21.336572853051091
2015_08_20-17_34_10__17_34_12_V1440084850_016.mp4,22.271394021708286
2015_07_23-13_59_11__13_59_13_V1437652751_007.mp4,29.876987254760394
2015_08_13-09_30_47__09_30_49_V1439451047_003.mp4,24.841338094344209
2015_07_22-16_53_23__16_53_25_V1437576803_003.mp4,14.61881735675542
2015_08_06-09_55_44__09_55_46_V1438847743_995.mp4,24.038382389749376
2015_08_19-18_04_48__18_04_50_V1440000288_006.mp4,21.684215533717211
2015_08_20-17_45_57__17_45_59_V1440085557_000.mp4,24.263908679188511
2015_07_23-13_41_29__13_41_31_V1437651689_008.mp4,18.81622201470946
2015_08_20-16_38_34__16_38_36_V1440081514_021.mp4,29.957060211617712
2015_07_22-16_18_38__16_18_40_V1437574718_018.mp4,16.719127701459357
2015_08_20-18_40_03__18_40_05_V1440088803_012.mp4,20.998839165249194
2015_08_13-09_38_06__09_38_08_V1439451486_004.mp4,21.252627405745883
2015_08_06-10_03_30__10_03_32_V1438848209_998.mp4,32.197303279994294
2015_08_20-17_54_02__17_54_04_V1440086041_997.mp4,31.642291090046676
2015_08_13-09_31_38__09_31_40_V1439451098_020.mp4,24.814793590522754
2015_07_23-14_11_12__14_11_14_V1437653472_018.mp4,23.627705727926525
2015_08_06-09_41_11__09_41_13_V1438846871_011.mp4,22.984102541488536
2015_08_06-10_21_29__10_21_31_V1438849289_008.mp4,18.364878138739968
2015_07_22-16_58_45__16_58_47_V1437577125_000.mp4,19.81633577450733
2015_08_13-08_56_22__08_56_24_V1439448981_997.mp4,21.019992681562041
2015_07_22-16_55_37__16_55_39_V1437576937_008.mp4,27.577931980244319
2015_08_20-16_44_52__16_44_54_V1440081892_014.mp4,30.365936330567877
2015_08_20-18_57_19__18_57_21_V1440089839_025.mp4,18.782544427950118
2015_08_13-09_21_17__09_21_19_V1439450477_017.mp4,26.493744433288683
2015_08_20-18_56_17__18_56_19_V1440089777_004.mp4,25.93548390036873
2015_07_22-16_42_43__16_42_45_V1437576163_007.mp4,28.88104930379173
2015_08_13-09_05_23__09_05_25_V1439449523_016.mp4,28.496258021817873
2015_07_22-16_45_36__16_45_38_V1437576336_004.mp4,23.391910837460433
2015_07_23-14_06_36__14_06_38_V1437653196_011.mp4,28.801604483448017
2015_08_20-18_59_57__18_59_59_V1440089997_025.mp4,24.119229161845496
2015_08_20-18_04_30__18_04_32_V1440086669_997.mp4,24.955224279023675
2015_08_13-09_19_50__09_19_52_V1439450390_001.mp4,21.842695053129031
2015_08_20-17_52_08__17_52_10_V1440085928_020.mp4,30.475846424470255
2015_07_23-14_22_11__14_22_13_V1437654131_012.mp4,27.395509073009062
2015_08_13-09_10_04__09_10_06_V1439449804_024.mp4,22.43263204215695
2015_07_23-13_49_49__13_49_51_V1437652188_996.mp4,23.711602237250769
2015_08_06-10_28_12__10_28_14_V1438849692_024.mp4,31.844175297972921
2015_08_06-10_19_50__10_19_52_V1438849190_026.mp4,21.628507308762515
2015_08_06-10_03_18__10_03_20_V1438848198_003.mp4,27.830168084415153
2015_07_22-16_42_40__16_42_42_V1437576160_008.mp4,26.054529185821728
2015_08_20-17_46_20__17_46_22_V1440085579_996.mp4,20.228740485874393
2015_08_06-10_03_21__10_03_23_V1438848201_002.mp4,19.862404067893216
2015_08_20-17_50_23__17_50_25_V1440085823_010.mp4,33.37502893137728
2015_08_20-18_50_04__18_50_06_V1440089404_017.mp4,26.019486655032757
2015_08_20-16_34_37__16_34_39_V1440081277_005.mp4,17.072934460944861
2015_08_13-08_59_22__08_59_24_V1439449162_027.mp4,17.712106044805267
2015_08_20-18_48_30__18_48_32_V1440089310_003.mp4,18.630345765476957
2015_08_06-10_27_45__10_27_47_V1438849664_996.mp4,23.1564323633173
2015_07_23-13_36_36__13_36_38_V1437651396_001.mp4,23.892037526155804
2015_08_20-18_29_39__18_29_41_V1440088179_010.mp4,25.371922893556832
2015_08_06-09_57_47__09_57_49_V1438847867_003.mp4,25.655369695126534
2015_08_20-18_30_30__18_30_32_V1440088230_001.mp4,25.354214275164296
2015_08_20-18_53_32__18_53_34_V1440089612_009.mp4,34.20147248860026
2015_08_20-17_11_35__17_11_37_V1440083495_003.mp4,27.616409010417943
2015_08_06-10_31_59__10_32_01_V1438849919_007.mp4,28.908806905892586
2015_08_06-10_03_34__10_03_36_V1438848213_997.mp4,23.887772886605909
2015_07_22-16_42_26__16_42_28_V1437576146_011.mp4,29.257602433016253
2015_08_20-18_34_35__18_34_37_V1440088475_014.mp4,25.717031678165675
2015_08_06-10_20_24__10_20_26_V1438849224_020.mp4,22.619958333147622
2015_08_13-09_31_43__09_31_45_V1439451103_017.mp4,29.349500235659509
2015_08_06-10_26_02__10_26_04_V1438849562_015.mp4,28.606710047635648
2015_08_20-17_47_03__17_47_05_V1440085623_022.mp4,22.050073895502038
2015_08_20-18_56_35__18_56_37_V1440089795_001.mp4,20.378664777616354
2015_08_20-17_49_51__17_49_53_V1440085791_019.mp4,20.81947863884691
2015_07_22-16_48_06__16_48_08_V1437576486_007.mp4,23.465537048990967
2015_08_13-08_52_55__08_52_57_V1439448775_006.mp4,25.99499269230013
2015_07_22-16_49_27__16_49_29_V1437576567_021.mp4,27.024288565703301
2015_08_20-17_45_45__17_45_47_V1440085545_004.mp4,27.03011723541071
2015_07_22-16_38_38__16_38_40_V1437575918_027.mp4,20.291565953090757
2015_08_06-10_20_43__10_20_45_V1438849243_015.mp4,20.53656154122304
2015_08_20-16_48_38__16_48_40_V1440082117_996.mp4,22.393189987612249
2015_07_22-16_36_55__16_36_57_V1437575815_017.mp4,21.607190195403149
2015_08_06-10_31_34__10_31_36_V1438849894_012.mp4,24.453265212603217
2015_07_22-16_57_39__16_57_41_V1437577059_019.mp4,19.104196241749992
2015_08_20-18_26_05__18_26_07_V1440087965_024.mp4,19.441554690757624
2015_08_20-16_43_41__16_43_43_V1440081821_033.mp4,28.6139235186501
2015_08_13-09_19_10__09_19_12_V1439450350_012.mp4,26.606611445995778
2015_08_13-09_51_02__09_51_04_V1439452262_010.mp4,23.743077117476503
2015_08_06-09_46_35__09_46_37_V1438847195_013.mp4,30.400962550406859
2015_08_20-17_33_39__17_33_41_V1440084819_025.mp4,32.79184756360366
2015_07_23-13_44_19__13_44_21_V1437651859_002.mp4,33.493622149432667
2015_08_13-08_52_25__08_52_27_V1439448745_013.mp4,21.492833406876183
2015_08_20-17_18_30__17_18_32_V1440083910_015.mp4,28.575116236997498
2015_08_20-17_17_48__17_17_50_V1440083867_993.mp4,31.966110200888014
2015_08_13-09_41_52__09_41_54_V1439451712_023.mp4,25.392537688913368
2015_07_23-13_39_41__13_39_43_V1437651580_995.mp4,23.948052673718387
2015_08_20-16_54_30__16_54_32_V1440082470_022.mp4,31.800621881695786
2015_08_19-18_04_38__18_04_40_V1440000278_007.mp4,25.711377771931915
2015_07_22-16_45_04__16_45_06_V1437576304_010.mp4,29.729416327040262
2015_08_06-09_55_32__09_55_34_V1438847731_997.mp4,20.583452556394274
2015_08_06-09_49_26__09_49_28_V1438847366_007.mp4,31.058219954678354
2015_08_06-09_46_19__09_46_21_V1438847179_016.mp4,22.789697204922934
2015_08_20-17_47_17__17_47_19_V1440085637_019.mp4,31.356774042942465
2015_07_22-16_44_50__16_44_52_V1437576290_014.mp4,25.404477253457756
2015_08_06-10_04_10__10_04_12_V1438848250_024.mp4,24.676896826674135
2015_08_06-09_51_55__09_51_57_V1438847515_010.mp4,23.250112012353963
2015_08_20-18_26_46__18_26_48_V1440088006_018.mp4,27.324930615346201
2015_08_20-17_40_47__17_40_49_V1440085246_998.mp4,27.820032087998197
2015_08_20-18_56_20__18_56_22_V1440089780_003.mp4,25.207404077274195
2015_08_20-17_13_28__17_13_30_V1440083608_013.mp4,28.368523244555259
2015_08_20-18_09_46__18_09_48_V1440086985_997.mp4,19.803704991912074
2015_08_13-09_00_58__09_01_00_V1439449258_004.mp4,30.021887158422011
2015_07_23-14_07_57__14_07_59_V1437653277_030.mp4,23.423951826232198
2015_08_20-17_33_56__17_33_58_V1440084836_021.mp4,22.844384147194635
2015_08_20-16_49_32__16_49_34_V1440082172_018.mp4,22.70758605255519
2015_08_20-17_52_31__17_52_33_V1440085951_018.mp4,28.353117405699898
2015_08_20-16_49_03__16_49_05_V1440082143_030.mp4,27.545589725389121
2015_08_19-18_03_17__18_03_19_V1440000197_012.mp4,21.589970226848241
2015_07_22-16_43_10__16_43_12_V1437576190_001.mp4,27.089483646729182
2015_08_06-09_48_38__09_48_40_V1438847318_017.mp4,17.057198081357402
2015_08_13-09_16_30__09_16_32_V1439450190_014.mp4,29.636938519074228
2015_08_20-18_50_16__18_50_18_V1440089416_017.mp4,28.530264226793701
2015_08_13-09_44_10__09_44_12_V1439451849_998.mp4,13.741656823628947
2015_07_22-16_57_01__16_57_03_V1437577021_024.mp4,22.928971138942405
2015_08_13-08_58_26__08_58_28_V1439449106_004.mp4,24.689934699426804
2015_07_22-16_49_50__16_49_52_V1437576590_016.mp4,20.974800491835065
2015_08_20-17_54_32__17_54_34_V1440086072_024.mp4,32.96579527907074
2015_08_13-09_35_04__09_35_06_V1439451304_009.mp4,29.167666955194843
2015_07_22-16_58_00__16_58_02_V1437577080_010.mp4,26.184645233310139
2015_08_06-09_43_12__09_43_14_V1438846992_018.mp4,23.22351821930571
2015_08_20-16_57_08__16_57_10_V1440082628_019.mp4,23.810864520536928
2015_08_20-18_28_44__18_28_46_V1440088124_023.mp4,25.422895835758844
2015_08_13-08_55_06__08_55_08_V1439448906_012.mp4,18.498317628403907
2015_08_06-10_14_19__10_14_21_V1438848858_998.mp4,19.197131663009603
2015_07_23-14_05_40__14_05_42_V1437653140_024.mp4,26.267952191522507
2015_07_23-13_31_15__13_31_17_V1437651075_005.mp4,23.371023963545678
2015_08_13-08_59_14__08_59_16_V1439449154_027.mp4,18.379074973194854
2015_08_06-09_41_48__09_41_50_V1438846908_008.mp4,20.967777171529804
2015_08_20-18_26_02__18_26_04_V1440087962_023.mp4,26.3545817782387
2015_08_06-09_48_31__09_48_33_V1438847311_018.mp4,12.576530988895794
2015_08_13-09_46_33__09_46_35_V1439451992_997.mp4,20.904563270607589
2015_08_06-09_36_19__09_36_21_V1438846579_005.mp4,26.715286463181027
2015_08_20-16_47_37__16_47_39_V1440082057_008.mp4,31.858645550091669
2015_08_20-18_09_44__18_09_46_V1440086983_997.mp4,16.838975606832552
2015_08_20-16_37_55__16_37_57_V1440081474_996.mp4,19.381840549270287
2015_08_20-18_51_36__18_51_38_V1440089495_997.mp4,25.429345540725933
2015_08_20-18_57_47__18_57_49_V1440089867_020.mp4,25.619212832031241
2015_07_23-14_16_32__14_16_34_V1437653792_016.mp4,20.063367185469126
2015_08_06-09_50_01__09_50_03_V1438847401_000.mp4,16.453338837883603
2015_08_20-16_42_43__16_42_45_V1440081763_002.mp4,33.214748712246234
2015_08_20-16_56_30__16_56_32_V1440082590_000.mp4,30.642641015760457
2015_08_20-17_46_58__17_47_00_V1440085618_022.mp4,23.211313201902676
2015_08_20-17_20_45__17_20_47_V1440084045_020.mp4,25.127163103749073
2015_08_20-17_49_15__17_49_17_V1440085755_024.mp4,34.277033570496378
2015_07_22-16_22_59__16_23_01_V1437574978_995.mp4,20.71255833049424
2015_08_20-18_05_55__18_05_57_V1440086755_016.mp4,32.794113642743731
2015_08_20-17_16_41__17_16_43_V1440083801_006.mp4,30.323233242748078
2015_08_13-09_34_04__09_34_06_V1439451244_021.mp4,21.906622957828787
2015_07_22-16_34_28__16_34_30_V1437575668_013.mp4,27.426768998360146
2015_08_13-09_09_36__09_09_38_V1439449775_996.mp4,26.685162547279866
2015_08_20-16_38_24__16_38_26_V1440081504_024.mp4,24.18421586685556
2015_08_06-10_18_49__10_18_51_V1438849129_006.mp4,25.928449754591078
2015_08_20-17_52_45__17_52_47_V1440085965_013.mp4,22.590746770412924
2015_07_23-13_47_11__13_47_13_V1437652030_997.mp4,19.591875432244954
2015_07_23-14_09_25__14_09_27_V1437653365_008.mp4,22.977962217638161
2015_08_13-09_02_45__09_02_47_V1439449365_021.mp4,19.071194569919008
2015_08_20-18_26_09__18_26_11_V1440087969_025.mp4,27.937357954143625
2015_08_20-17_33_53__17_33_55_V1440084833_022.mp4,24.729201629117714
2015_08_20-18_36_55__18_36_57_V1440088615_019.mp4,28.796179051252341
2015_07_22-16_53_26__16_53_28_V1437576806_003.mp4,24.323018231314101
2015_08_06-10_30_03__10_30_05_V1438849802_998.mp4,19.565255741470231
2015_08_20-17_49_47__17_49_49_V1440085787_018.mp4,24.15133141469591
2015_07_22-16_55_33__16_55_35_V1437576933_009.mp4,26.160381329580169
2015_08_13-08_56_30__08_56_32_V1439448989_995.mp4,24.485670901904292
2015_08_13-09_35_01__09_35_03_V1439451301_010.mp4,21.861894303701536
2015_07_23-14_18_29__14_18_31_V1437653909_026.mp4,20.363742943670513
2015_08_20-18_46_35__18_46_37_V1440089194_995.mp4,29.56168874715911
2015_07_23-14_12_58__14_13_00_V1437653577_995.mp4,20.153232593737773
2015_08_20-17_41_36__17_41_38_V1440085296_022.mp4,29.036781256731096
2015_08_13-08_55_03__08_55_05_V1439448903_014.mp4,22.945329650079795
2015_08_06-09_59_56__09_59_58_V1438847996_013.mp4,17.550956600148073
2015_08_20-18_53_27__18_53_29_V1440089607_007.mp4,28.005054840316891
2015_07_23-13_35_13__13_35_15_V1437651313_017.mp4,24.412895012849056
2015_08_06-09_45_04__09_45_06_V1438847103_996.mp4,29.4147733090619
2015_08_20-17_14_30__17_14_32_V1440083669_999.mp4,26.620709954080393
2015_08_13-09_22_20__09_22_22_V1439450540_002.mp4,26.737475622916989
2015_08_13-09_45_51__09_45_53_V1439451951_007.mp4,29.438008953418617
2015_08_13-09_46_43__09_46_45_V1439452002_995.mp4,26.248507593316333
2015_08_20-16_50_59__16_51_01_V1440082258_998.mp4,34.170245986410443
2015_08_20-18_32_07__18_32_09_V1440088327_013.mp4,29.247979323088586
2015_08_06-09_36_56__09_36_58_V1438846615_998.mp4,17.442642458130294
2015_07_23-13_44_16__13_44_18_V1437651856_002.mp4,32.901508316561973
2015_08_13-08_55_47__08_55_49_V1439448947_004.mp4,29.452315529146972
2015_08_13-09_32_24__09_32_26_V1439451144_009.mp4,18.6973927070852
2015_08_20-17_50_57__17_50_59_V1440085857_003.mp4,22.62832533664476
2015_08_13-09_43_14__09_43_16_V1439451794_006.mp4,19.787655783563597
2015_08_06-10_31_52__10_31_54_V1438849912_009.mp4,23.277006507310123
2015_08_20-18_32_14__18_32_16_V1440088334_011.mp4,26.442503158064824
2015_08_20-17_50_21__17_50_23_V1440085821_020.mp4,31.888963786049651
2015_08_06-10_29_52__10_29_54_V1438849792_001.mp4,23.232079827941607
2015_08_13-09_19_42__09_19_44_V1439450382_003.mp4,20.156946711228667
2015_08_13-09_29_37__09_29_39_V1439450977_011.mp4,22.114162564751954
2015_08_13-09_05_25__09_05_27_V1439449525_015.mp4,29.558399657625873
2015_08_06-09_41_05__09_41_07_V1438846865_012.mp4,23.400175109330267
2015_08_20-16_37_31__16_37_33_V1440081451_002.mp4,27.12748669321995
2015_08_20-16_41_32__16_41_34_V1440081692_018.mp4,27.403664276468366
2015_07_22-16_37_14__16_37_16_V1437575834_017.mp4,19.03581256563918
2015_08_20-16_50_31__16_50_33_V1440082231_004.mp4,24.1054367922913
2015_08_13-09_16_06__09_16_08_V1439450166_021.mp4,28.975259205727415
2015_07_22-16_53_03__16_53_05_V1437576783_007.mp4,24.170910004283705
2015_08_20-17_43_44__17_43_46_V1440085423_995.mp4,23.665610353747475
2015_08_13-09_26_59__09_27_01_V1439450819_012.mp4,15.567105936601575
2015_08_20-17_47_28__17_47_30_V1440085648_019.mp4,28.366146172962086
2015_07_23-14_12_42__14_12_44_V1437653561_999.mp4,27.762302946542022
2015_08_06-09_41_07__09_41_09_V1438846867_012.mp4,27.901061573542165
2015_08_20-18_06_23__18_06_25_V1440086783_006.mp4,22.80948886142038
2015_08_20-16_48_02__16_48_04_V1440082082_001.mp4,27.816704531738154
2015_08_13-09_12_32__09_12_34_V1439449952_027.mp4,22.892017556251322
2015_07_22-16_46_38__16_46_40_V1437576398_023.mp4,18.546265619411852
2015_08_06-09_37_07__09_37_09_V1438846626_994.mp4,27.749022434078306
2015_08_20-17_34_21__17_34_23_V1440084861_014.mp4,32.282513465642843
2015_08_06-10_06_56__10_06_58_V1438848416_023.mp4,23.621428882921361
2015_07_22-16_58_17__16_58_19_V1437577097_006.mp4,29.743104686600589
2015_08_20-18_01_13__18_01_15_V1440086473_008.mp4,33.923744699574478
2015_07_22-16_58_28__16_58_30_V1437577108_004.mp4,25.637212661917605
2015_08_06-10_28_40__10_28_42_V1438849720_017.mp4,15.784909661266312
2015_08_20-18_58_15__18_58_17_V1440089895_013.mp4,27.748245010890564
2015_08_20-16_53_51__16_53_53_V1440082430_994.mp4,38.854873132170319
2015_07_22-16_52_34__16_52_36_V1437576754_014.mp4,21.088280483997242
2015_08_13-09_31_46__09_31_48_V1439451106_019.mp4,30.166910113264816
2015_08_13-09_08_36__09_08_38_V1439449716_011.mp4,21.738191867475646
2015_08_20-18_26_07__18_26_09_V1440087967_021.mp4,23.095215166271498
2015_08_20-17_53_28__17_53_30_V1440086008_004.mp4,30.090856676334841
2015_08_20-17_10_59__17_11_01_V1440083459_011.mp4,18.467725260021911
2015_08_20-17_33_23__17_33_25_V1440084802_996.mp4,22.847271358566978
2015_07_22-16_44_47__16_44_49_V1437576287_014.mp4,21.322090098237304
2015_08_20-18_57_57__18_57_59_V1440089877_017.mp4,25.710362853586144
2015_08_06-09_55_56__09_55_58_V1438847756_028.mp4,28.128679810937214
2015_08_20-16_44_48__16_44_50_V1440081888_013.mp4,31.833934923574624
2015_08_20-17_50_40__17_50_42_V1440085840_007.mp4,18.586566836287336
2015_08_20-17_46_05__17_46_07_V1440085565_003.mp4,34.379953790900657
2015_08_20-17_41_46__17_41_48_V1440085306_020.mp4,24.882129483283617
2015_08_20-18_38_45__18_38_47_V1440088724_995.mp4,24.042442926212569
2015_08_20-17_46_26__17_46_28_V1440085585_995.mp4,22.672315905981304
2015_08_06-10_07_01__10_07_03_V1438848421_022.mp4,25.45947347471996
2015_08_20-18_33_19__18_33_21_V1440088398_998.mp4,20.97430862834214
2015_08_20-18_36_02__18_36_04_V1440088561_997.mp4,21.991528131782889
2015_08_20-16_49_23__16_49_25_V1440082163_020.mp4,18.04764585829626
2015_08_20-17_41_43__17_41_45_V1440085303_022.mp4,23.907889396124055
2015_08_13-09_01_56__09_01_58_V1439449316_027.mp4,23.505876225525846
2015_08_13-09_04_25__09_04_27_V1439449465_000.mp4,25.928286939194862
2015_08_06-10_29_58__10_30_00_V1438849797_999.mp4,21.350276500176808
2015_07_22-16_49_18__16_49_20_V1437576558_022.mp4,30.620609492415941
2015_08_20-18_57_26__18_57_28_V1440089846_023.mp4,18.449232027044452
2015_08_20-18_58_11__18_58_13_V1440089891_015.mp4,26.456618671994136
2015_08_20-17_50_09__17_50_11_V1440085809_013.mp4,29.534916879802211
2015_08_06-10_07_42__10_07_44_V1438848462_012.mp4,27.752733106463943
2015_08_13-09_48_27__09_48_29_V1439452107_009.mp4,12.719621942063387
2015_07_22-16_34_32__16_34_34_V1437575672_013.mp4,22.946964621446071
2015_07_22-16_50_17__16_50_19_V1437576617_010.mp4,23.18023517149474
2015_08_20-18_34_07__18_34_09_V1440088447_021.mp4,28.206454893932492
2015_08_06-09_46_02__09_46_04_V1438847162_020.mp4,30.314331157625503
2015_08_20-16_43_46__16_43_48_V1440081825_993.mp4,25.24754821843775
2015_08_06-10_27_42__10_27_44_V1438849662_027.mp4,18.547871793608962
2015_07_23-14_21_02__14_21_04_V1437654062_026.mp4,22.988429446972162
2015_08_20-17_14_22__17_14_24_V1440083662_001.mp4,28.302013331427812
2015_07_23-14_10_42__14_10_44_V1437653442_026.mp4,20.187001641404706
2015_08_20-16_54_27__16_54_29_V1440082467_022.mp4,22.336712197475489
2015_08_06-10_06_30__10_06_32_V1438848390_027.mp4,29.433582889447461
2015_08_20-17_51_53__17_51_55_V1440085912_995.mp4,32.984015616023662
2015_08_06-09_44_59__09_45_01_V1438847098_997.mp4,30.181430199317305
2015_08_20-17_53_20__17_53_22_V1440086000_007.mp4,23.214918770830156
2015_08_20-17_51_26__17_51_28_V1440085885_996.mp4,22.342151829665287
2015_08_19-18_02_53__18_02_55_V1440000173_023.mp4,36.044826938608267
2015_07_23-13_56_22__13_56_24_V1437652582_012.mp4,31.448212241713438
2015_08_20-18_38_42__18_38_44_V1440088721_995.mp4,26.688044797093266
2015_08_13-09_46_51__09_46_53_V1439452010_994.mp4,25.472241026702701
2015_08_06-09_39_45__09_39_47_V1438846784_996.mp4,19.528375122815014
2015_08_06-10_20_46__10_20_48_V1438849246_014.mp4,18.964081642389768
2015_08_13-08_57_12__08_57_14_V1439449032_020.mp4,23.279601100237269
2015_08_19-18_03_50__18_03_52_V1440000230_017.mp4,23.310819246322275
2015_08_20-16_53_56__16_53_58_V1440082436_028.mp4,31.548544259563013
2015_08_20-16_48_51__16_48_53_V1440082131_024.mp4,24.038413617282117
2015_07_23-13_37_03__13_37_05_V1437651423_028.mp4,20.338083644876903
2015_08_13-09_48_30__09_48_32_V1439452110_006.mp4,14.942380184237535
2015_08_20-18_40_24__18_40_26_V1440088824_009.mp4,26.404609482204815
2015_08_06-10_05_54__10_05_56_V1438848354_001.mp4,22.720751566280697
2015_08_13-08_55_14__08_55_16_V1439448914_010.mp4,22.71465897307111
2015_07_22-16_38_15__16_38_17_V1437575894_999.mp4,29.945580056636668
2015_08_20-18_55_05__18_55_07_V1440089705_020.mp4,29.567614223795601
2015_07_22-16_22_34__16_22_36_V1437574954_004.mp4,25.731603087162675
2015_08_06-09_44_49__09_44_51_V1438847088_998.mp4,25.04343709505795
2015_07_22-16_41_25__16_41_27_V1437576085_027.mp4,25.239205516226789
2015_08_13-09_18_22__09_18_24_V1439450302_020.mp4,18.199261464608767
2015_08_20-16_56_39__16_56_41_V1440082599_025.mp4,18.808800918588002
2015_08_20-18_47_41__18_47_43_V1440089261_015.mp4,21.375940311230245
2015_07_22-16_46_49__16_46_51_V1437576409_021.mp4,23.160812948176883
2015_08_13-08_58_03__08_58_05_V1439449083_008.mp4,22.049504763652447
2015_08_13-09_44_17__09_44_19_V1439451856_995.mp4,25.681490083474042
2015_08_20-16_44_42__16_44_44_V1440081882_016.mp4,29.507822984257508
2015_08_06-10_14_09__10_14_11_V1438848849_005.mp4,29.859542802092943
2015_08_20-18_43_17__18_43_19_V1440088997_003.mp4,30.644732256931487
2015_08_13-09_21_52__09_21_54_V1439450512_008.mp4,32.041332037571038
2015_08_20-17_09_58__17_10_00_V1440083398_026.mp4,19.257090609284937
2015_08_20-18_03_50__18_03_52_V1440086630_005.mp4,34.823180442791489
2015_08_20-16_37_49__16_37_51_V1440081469_001.mp4,22.766808861462692
2015_08_13-09_41_02__09_41_04_V1439451662_000.mp4,21.46266266065437
2015_08_13-09_30_22__09_30_24_V1439451022_001.mp4,21.103353761069393
2015_08_13-09_06_44__09_06_46_V1439449604_002.mp4,22.496884920355289
2015_08_13-09_46_54__09_46_56_V1439452013_994.mp4,26.166897735967726
2015_08_13-09_49_46__09_49_48_V1439452186_025.mp4,14.111272477977254
2015_07_23-14_12_06__14_12_08_V1437653526_007.mp4,18.157605369128195
2015_08_13-09_35_21__09_35_23_V1439451321_005.mp4,21.210058789478541
2015_08_06-09_43_16__09_43_18_V1438846996_017.mp4,17.501923695319345
2015_08_13-09_47_40__09_47_42_V1439452060_016.mp4,22.293457198465095
2015_08_13-09_50_01__09_50_03_V1439452201_020.mp4,22.352006603168032
2015_08_20-18_42_56__18_42_58_V1440088976_007.mp4,24.994212684150142
2015_08_20-18_56_27__18_56_29_V1440089787_002.mp4,28.078564415063688
2015_08_20-17_52_50__17_52_52_V1440085970_012.mp4,27.551182637983484
2015_08_06-10_05_50__10_05_52_V1438848350_003.mp4,23.07364104597233
2015_08_20-17_11_14__17_11_16_V1440083474_009.mp4,22.863333843838316
2015_07_23-13_49_33__13_49_35_V1437652173_000.mp4,24.066188070268307
2015_08_20-18_30_00__18_30_02_V1440088200_005.mp4,23.670052447172498
2015_08_20-18_04_02__18_04_04_V1440086642_004.mp4,23.748637821307526
2015_08_20-16_38_08__16_38_10_V1440081487_995.mp4,25.351364612746067
2015_07_22-16_31_53__16_31_55_V1437575513_014.mp4,19.916056186042976
2015_08_13-09_00_00__09_00_02_V1439449200_017.mp4,28.558133412129756
2015_07_22-16_23_52__16_23_54_V1437575032_017.mp4,26.450009439095279
2015_08_20-18_33_55__18_33_57_V1440088435_023.mp4,21.016485736966064
2015_07_23-14_14_10__14_14_12_V1437653650_013.mp4,29.255665793237227
2015_07_23-13_56_24__13_56_26_V1437652584_016.mp4,27.691434430164392
2015_08_06-09_52_13__09_52_15_V1438847533_006.mp4,21.341360650109181
2015_07_22-16_32_55__16_32_57_V1437575575_000.mp4,24.47917949795589
2015_07_23-14_22_59__14_23_01_V1437654179_001.mp4,20.54486056800479
2015_08_13-09_48_19__09_48_21_V1439452099_008.mp4,29.690973964162577
2015_08_06-10_10_54__10_10_56_V1438848654_006.mp4,24.178825074071309
2015_08_20-16_41_19__16_41_21_V1440081679_021.mp4,21.497548677432697
2015_08_06-09_51_52__09_51_54_V1438847512_010.mp4,30.852106306212125
2015_07_23-14_23_19__14_23_21_V1437654199_000.mp4,24.318608602008059
2015_08_06-09_45_39__09_45_41_V1438847139_021.mp4,24.797743149940018
2015_08_13-09_49_55__09_49_57_V1439452195_022.mp4,16.754139266558411
2015_08_20-16_41_02__16_41_04_V1440081662_023.mp4,21.947130550791375
2015_08_20-16_49_48__16_49_50_V1440082188_012.mp4,33.460023526330588
2015_08_20-16_34_27__16_34_29_V1440081267_006.mp4,29.909377126373499
2015_08_20-17_34_05__17_34_07_V1440084845_020.mp4,19.935000025580173
2015_08_13-08_58_14__08_58_16_V1439449094_007.mp4,24.548653263746878
2015_07_22-16_57_21__16_57_23_V1437577041_019.mp4,22.398285804750159
2015_08_20-17_40_39__17_40_41_V1440085239_000.mp4,20.610449382730675
2015_08_20-16_43_36__16_43_38_V1440081815_995.mp4,25.190633056319292
2015_08_06-09_46_25__09_46_27_V1438847185_015.mp4,30.097018030993183
2015_08_20-18_49_20__18_49_22_V1440089360_027.mp4,27.313205720583912
2015_08_20-18_55_01__18_55_03_V1440089701_021.mp4,31.228515930229118
2015_07_23-13_47_19__13_47_21_V1437652038_995.mp4,21.317958700577769
2015_08_13-08_56_32__08_56_34_V1439448991_995.mp4,29.191980734816838
2015_07_23-13_57_32__13_57_34_V1437652651_997.mp4,20.683546966980074
2015_08_20-17_11_47__17_11_49_V1440083507_000.mp4,25.332232697059702
2015_08_20-18_57_29__18_57_31_V1440089849_023.mp4,25.899890378668058
2015_07_23-14_06_15__14_06_17_V1437653175_016.mp4,31.03811421659157
2015_08_20-16_56_45__16_56_47_V1440082605_028.mp4,20.517857612109154
2015_08_06-10_04_26__10_04_28_V1438848266_020.mp4,30.455070620256652
2015_08_06-10_15_45__10_15_47_V1438848945_011.mp4,25.62484054884176
2015_08_06-09_46_33__09_46_35_V1438847193_010.mp4,28.735612123597875
2015_08_06-10_30_35__10_30_37_V1438849835_025.mp4,22.479460250933172
2015_08_06-09_44_18__09_44_20_V1438847058_006.mp4,23.786610170537603
2015_07_23-14_20_23__14_20_25_V1437654022_999.mp4,33.401589659385074
2015_08_06-10_22_04__10_22_06_V1438849323_999.mp4,17.770653914226898
2015_08_06-10_23_14__10_23_16_V1438849394_017.mp4,26.831163517475559
2015_08_20-16_46_53__16_46_55_V1440082013_017.mp4,28.802987578056985
2015_07_22-16_53_36__16_53_38_V1437576816_001.mp4,27.612118847894084
2015_08_20-18_28_33__18_28_35_V1440088113_024.mp4,23.452584951460878
2015_08_20-18_28_29__18_28_31_V1440088108_996.mp4,22.637884753560137
2015_07_23-14_07_52__14_07_54_V1437653271_995.mp4,21.934190021331712
2015_08_20-18_43_10__18_43_12_V1440088990_005.mp4,22.922362481636458
2015_08_06-09_51_37__09_51_39_V1438847497_014.mp4,27.914301191123471
2015_08_20-17_45_43__17_45_45_V1440085543_003.mp4,23.759049984438583
2015_08_20-18_57_16__18_57_18_V1440089836_025.mp4,30.515373527652216
2015_08_13-09_02_41__09_02_43_V1439449361_017.mp4,15.979943747093035
2015_08_20-18_03_47__18_03_49_V1440086627_008.mp4,34.553171407884385
2015_08_20-17_11_11__17_11_13_V1440083471_008.mp4,35.265832946135589
2015_08_06-10_15_42__10_15_44_V1438848942_012.mp4,23.690110140611832
2015_07_22-16_32_46__16_32_48_V1437575566_002.mp4,28.102212082792683
2015_07_22-16_18_58__16_19_00_V1437574738_014.mp4,24.380216586531215
2015_07_22-16_54_59__16_55_01_V1437576899_016.mp4,23.472806455051924
2015_08_20-17_54_35__17_54_37_V1440086075_024.mp4,31.925289529061999
2015_07_23-14_13_54__14_13_56_V1437653634_016.mp4,24.126828992288701
2015_08_19-18_02_56__18_02_58_V1440000176_000.mp4,24.950723290252089
2015_08_06-10_26_05__10_26_07_V1438849565_018.mp4,32.502112249851258
2015_08_20-17_51_03__17_51_05_V1440085863_003.mp4,23.75025284199107
2015_08_06-09_45_09__09_45_11_V1438847108_995.mp4,28.335895466759368
2015_08_06-09_36_53__09_36_55_V1438846612_998.mp4,15.804246702921118
2015_08_06-10_14_04__10_14_06_V1438848844_001.mp4,26.820572180811837
2015_08_20-18_47_34__18_47_36_V1440089254_016.mp4,25.100658264503348
2015_08_13-09_35_31__09_35_33_V1439451331_003.mp4,16.149127187061605
2015_08_13-08_52_32__08_52_34_V1439448752_011.mp4,23.708080168156595
2015_07_23-14_14_46__14_14_48_V1437653686_005.mp4,23.460558723678005
2015_08_20-18_53_49__18_53_51_V1440089629_003.mp4,29.227640278042081
2015_08_06-09_42_57__09_42_59_V1438846977_022.mp4,31.362064601946411
2015_07_23-13_31_42__13_31_44_V1437651101_999.mp4,19.113851264368307
2015_08_20-16_57_05__16_57_07_V1440082625_028.mp4,20.430354975093358
2015_08_20-16_56_03__16_56_05_V1440082563_000.mp4,25.671338835790095
2015_07_23-13_33_35__13_33_37_V1437651215_006.mp4,34.321883645711594
2015_08_06-10_17_25__10_17_27_V1438849045_023.mp4,22.712603403110936
2015_08_20-17_46_00__17_46_02_V1440085560_000.mp4,29.009778119963354
2015_07_23-13_35_24__13_35_26_V1437651324_016.mp4,28.698738282295572
2015_08_20-16_38_16__16_38_18_V1440081495_992.mp4,28.340120538275162
2015_08_20-18_25_39__18_25_41_V1440087938_995.mp4,23.748275205344367
2015_08_06-09_42_50__09_42_52_V1438846970_023.mp4,31.17208089362715
2015_07_22-16_38_07__16_38_09_V1437575887_002.mp4,27.103680682870156
2015_08_13-09_08_44__09_08_46_V1439449724_008.mp4,26.526487114371097
2015_08_06-09_52_02__09_52_04_V1438847522_008.mp4,21.331279109706816
2015_08_20-18_05_50__18_05_52_V1440086750_014.mp4,36.34607122335273
2015_07_23-13_55_14__13_55_16_V1437652514_027.mp4,27.483955381006208
2015_08_20-16_48_13__16_48_15_V1440082093_000.mp4,19.03931872186903
2015_07_22-16_38_32__16_38_34_V1437575911_996.mp4,22.874683230492852
2015_08_13-09_27_02__09_27_04_V1439450822_011.mp4,14.970242066446728
2015_08_20-16_37_15__16_37_17_V1440081435_009.mp4,19.928509857010607
2015_08_13-09_19_45__09_19_47_V1439450385_002.mp4,26.568193311160243
2015_07_23-13_45_15__13_45_17_V1437651915_022.mp4,24.138090309592236
2015_07_22-16_59_03__16_59_05_V1437577142_997.mp4,24.620790831956079
2015_07_23-13_44_40__13_44_42_V1437651879_997.mp4,20.918513730363511
2015_08_13-08_56_08__08_56_10_V1439448968_000.mp4,21.770637585055702
2015_08_06-09_41_31__09_41_33_V1438846891_009.mp4,20.411767658298039
2015_08_06-10_18_10__10_18_12_V1438849090_014.mp4,24.407015618043754
2015_08_20-18_27_02__18_27_04_V1440088022_015.mp4,30.685581635506953
2015_07_22-16_42_19__16_42_21_V1437576139_013.mp4,19.79276326165677
2015_08_20-17_53_32__17_53_34_V1440086012_003.mp4,26.130494616248527
2015_08_19-18_08_44__18_08_46_V1440000524_023.mp4,27.501603229826213
2015_08_06-10_20_37__10_20_39_V1438849237_016.mp4,27.846913778838807
2015_08_13-09_14_04__09_14_06_V1439450044_006.mp4,26.548422011988965
2015_08_20-18_55_21__18_55_23_V1440089721_017.mp4,19.912910124023721
2015_07_23-14_03_51__14_03_53_V1437653031_013.mp4,22.316458426558938
2015_08_20-17_34_35__17_34_37_V1440084875_017.mp4,21.288069441297587
2015_08_06-09_37_04__09_37_06_V1438846623_995.mp4,24.052294912259516
2015_08_13-09_46_22__09_46_24_V1439451982_000.mp4,19.826725904039836
2015_08_06-09_43_01__09_43_03_V1438846981_021.mp4,29.869904373696112
2015_08_20-18_43_02__18_43_04_V1440088982_006.mp4,33.688316561351314
2015_07_22-16_23_10__16_23_12_V1437574990_028.mp4,21.35372670996027
2015_08_13-09_19_33__09_19_35_V1439450373_005.mp4,25.073895540431032
2015_08_20-17_10_43__17_10_45_V1440083443_015.mp4,28.793123005497115
2015_08_20-18_34_30__18_34_32_V1440088470_015.mp4,21.541253248946795
2015_08_20-18_05_35__18_05_37_V1440086735_016.mp4,20.274679498222262
2015_08_06-09_51_21__09_51_23_V1438847481_017.mp4,27.122623667579173
2015_08_20-17_55_05__17_55_07_V1440086105_018.mp4,32.709783298629965
2015_08_20-16_50_28__16_50_30_V1440082228_006.mp4,29.517666492875623
2015_08_13-09_42_05__09_42_07_V1439451725_022.mp4,18.879579231088428
2015_07_22-16_27_11__16_27_13_V1437575231_007.mp4,22.117453909245693
2015_08_06-10_26_37__10_26_39_V1438849597_011.mp4,31.314849610316053
2015_08_06-10_31_14__10_31_16_V1438849874_018.mp4,19.747397232461235
2015_08_13-09_02_08__09_02_10_V1439449328_026.mp4,27.811102139485893
2015_08_20-17_15_23__17_15_25_V1440083723_022.mp4,26.362754256046657
2015_08_20-18_25_43__18_25_45_V1440087942_995.mp4,27.148959293550469
2015_07_22-16_42_04__16_42_06_V1437576124_015.mp4,24.663940629595004
2015_08_20-18_03_44__18_03_46_V1440086624_007.mp4,20.019762036460019
2015_08_20-16_54_09__16_54_11_V1440082449_024.mp4,22.223316485247889
2015_07_23-14_11_01__14_11_03_V1437653461_020.mp4,24.421717329932505
2015_08_20-17_46_23__17_46_25_V1440085582_995.mp4,26.856772521342947
2015_08_13-08_53_51__08_53_53_V1439448830_994.mp4,19.602522226616376
2015_08_13-09_16_33__09_16_35_V1439450193_009.mp4,25.727623951974262
2015_08_20-16_50_55__16_50_57_V1440082255_001.mp4,29.921531202814897
2015_08_06-10_21_12__10_21_14_V1438849272_010.mp4,22.746064095555827
2015_07_23-13_41_08__13_41_10_V1437651668_008.mp4,27.169316672268277
2015_08_06-09_37_46__09_37_48_V1438846666_020.mp4,30.864629355307322
2015_08_06-10_26_30__10_26_32_V1438849590_015.mp4,20.563465290560494
2015_07_23-14_09_06__14_09_08_V1437653346_019.mp4,15.917556240113537
2015_08_20-17_49_58__17_50_00_V1440085798_018.mp4,25.449228260135502
2015_08_06-10_27_34__10_27_36_V1438849653_999.mp4,23.321684757872401
2015_08_20-16_51_02__16_51_04_V1440082261_998.mp4,25.824109824434387
2015_07_23-13_57_21__13_57_23_V1437652641_004.mp4,30.727164800177029
2015_08_20-16_45_56__16_45_58_V1440081956_000.mp4,24.131660963742792
2015_08_06-10_08_00__10_08_02_V1438848480_008.mp4,20.615777770324634
2015_08_20-18_35_59__18_36_01_V1440088558_997.mp4,22.76854771166688
2015_08_13-08_56_58__08_57_00_V1439449018_022.mp4,18.583152283802026
2015_08_20-18_57_05__18_57_07_V1440089824_994.mp4,22.332603876347786
2015_07_23-14_11_46__14_11_48_V1437653506_012.mp4,30.800433293240737
2015_08_20-18_01_27__18_01_29_V1440086487_006.mp4,26.420564764927416
2015_07_22-16_18_45__16_18_47_V1437574725_017.mp4,27.365099779271969
2015_08_20-17_52_06__17_52_08_V1440085926_021.mp4,30.529926631795433
2015_07_22-16_30_29__16_30_31_V1437575428_998.mp4,22.634839735756209
2015_08_13-09_32_16__09_32_18_V1439451136_011.mp4,29.888784884442519
2015_07_23-14_23_42__14_23_44_V1437654222_025.mp4,25.340217680642429
2015_08_13-09_44_25__09_44_27_V1439451865_024.mp4,18.028295550413947
2015_08_20-17_54_15__17_54_17_V1440086054_994.mp4,26.056480050939225
2015_07_23-13_35_27__13_35_29_V1437651327_015.mp4,26.422153228156898
2015_08_06-09_44_46__09_44_48_V1438847085_999.mp4,23.936588654210851
2015_07_23-13_33_48__13_33_50_V1437651228_003.mp4,24.925707440926679
2015_08_06-09_46_29__09_46_31_V1438847189_014.mp4,36.050188361574165
2015_08_20-16_51_06__16_51_08_V1440082265_998.mp4,29.057830522615813
2015_08_06-10_15_23__10_15_25_V1438848923_017.mp4,20.210345540335027
2015_08_20-16_41_16__16_41_18_V1440081676_021.mp4,24.844855585297758
2015_07_22-16_40_37__16_40_39_V1437576037_001.mp4,18.359378658357649
2015_08_20-17_55_14__17_55_16_V1440086114_017.mp4,27.084469793531454
2015_08_20-18_25_27__18_25_29_V1440087926_997.mp4,28.84196293505051
2015_08_20-16_41_26__16_41_28_V1440081686_020.mp4,28.266165863960239
2015_08_20-18_08_48__18_08_50_V1440086928_008.mp4,20.42308733995614
2015_08_20-16_48_33__16_48_35_V1440082112_995.mp4,17.895687432686824
2015_08_13-09_31_30__09_31_32_V1439451090_020.mp4,26.089635290406779
2015_07_23-14_07_43__14_07_45_V1437653262_997.mp4,19.562006523945218
2015_08_06-10_17_45__10_17_47_V1438849065_019.mp4,22.593006658787203
2015_07_22-16_21_43__16_21_45_V1437574903_012.mp4,23.338603529325852
2015_08_13-09_48_16__09_48_18_V1439452096_009.mp4,22.758929570097504
2015_08_06-09_39_48__09_39_50_V1438846787_994.mp4,24.791049588574275
2015_07_23-14_22_56__14_22_58_V1437654175_999.mp4,17.905427125215013
2015_08_20-16_38_22__16_38_24_V1440081501_995.mp4,27.790464148592743
2015_08_20-17_39_06__17_39_08_V1440085146_020.mp4,28.082133304041825
2015_08_20-18_35_38__18_35_40_V1440088538_002.mp4,24.686979202318319
2015_08_20-18_29_46__18_29_48_V1440088186_010.mp4,37.906759642520491
2015_07_22-16_18_52__16_18_54_V1437574732_015.mp4,14.620528322166244
2015_07_22-16_32_59__16_33_01_V1437575579_000.mp4,25.339145236536091
2015_07_22-16_24_54__16_24_56_V1437575094_004.mp4,31.208449695457723
2015_08_20-18_04_37__18_04_39_V1440086676_995.mp4,21.523999810746425
2015_08_06-10_30_49__10_30_51_V1438849849_022.mp4,19.546601374964453
2015_08_20-18_57_35__18_57_37_V1440089855_022.mp4,23.011623879136653
2015_07_23-14_10_54__14_10_56_V1437653454_025.mp4,19.140908393776961
2015_08_20-18_28_49__18_28_51_V1440088129_024.mp4,32.397299389738812
2015_07_23-13_30_28__13_30_30_V1437651028_016.mp4,27.422578925288871
2015_08_20-16_45_20__16_45_22_V1440081920_005.mp4,26.992763870903044
2015_08_20-18_28_05__18_28_07_V1440088084_997.mp4,33.663008213699264
2015_08_20-17_33_36__17_33_38_V1440084816_027.mp4,24.284480148040569
2015_08_13-09_46_37__09_46_39_V1439451996_997.mp4,25.205951153513737
2015_07_22-16_19_26__16_19_28_V1437574766_007.mp4,18.204533380809394
2015_07_23-13_47_54__13_47_56_V1437652074_021.mp4,22.242044035444408
2015_08_06-10_17_59__10_18_01_V1438849079_016.mp4,25.234387867015386
2015_08_20-17_13_38__17_13_40_V1440083618_011.mp4,24.706178065874539
2015_08_20-16_49_06__16_49_08_V1440082146_023.mp4,32.510906205740532
2015_08_06-10_18_13__10_18_15_V1438849093_013.mp4,15.05811688153044
2015_08_20-16_41_09__16_41_11_V1440081669_023.mp4,30.063036383510319
2015_08_20-18_55_11__18_55_13_V1440089711_019.mp4,24.595134508199795
2015_07_23-13_43_58__13_44_00_V1437651838_007.mp4,22.542951105009461
2015_08_20-16_42_39__16_42_41_V1440081759_009.mp4,27.986858481510083
2015_07_23-14_12_34__14_12_36_V1437653554_001.mp4,24.554939134335473
2015_08_06-10_18_25__10_18_27_V1438849105_011.mp4,33.578281214901821
2015_08_13-09_51_13__09_51_15_V1439452273_006.mp4,27.750912131845478
2015_08_06-09_52_06__09_52_08_V1438847526_008.mp4,23.356873896211489
2015_08_20-18_25_45__18_25_47_V1440087944_995.mp4,30.98020522183327
2015_08_20-16_55_34__16_55_36_V1440082534_019.mp4,29.476032157955881
2015_07_23-14_18_01__14_18_03_V1437653880_996.mp4,22.068862986912873
2015_08_20-17_53_11__17_53_13_V1440085991_008.mp4,23.703825472843224
2015_07_23-14_08_52__14_08_54_V1437653332_022.mp4,27.691286072508081
2015_08_20-18_56_30__18_56_32_V1440089790_001.mp4,24.38865115634875
2015_08_06-10_04_53__10_04_55_V1438848293_013.mp4,20.968163424656876
2015_07_22-16_34_40__16_34_42_V1437575680_011.mp4,28.153111710662188
2015_08_20-18_27_41__18_27_43_V1440088061_003.mp4,23.085763174941832
2015_07_23-13_31_58__13_32_00_V1437651117_995.mp4,26.58873866708424
2015_08_06-10_16_33__10_16_35_V1438848993_001.mp4,25.719379773359346
2015_08_20-18_51_26__18_51_28_V1440089486_000.mp4,33.549641180949209
2015_08_06-10_05_24__10_05_26_V1438848324_007.mp4,23.840435093096719
2015_08_06-09_39_25__09_39_27_V1438846764_999.mp4,21.849214023938718
2015_08_13-08_56_36__08_56_38_V1439448995_996.mp4,22.445202726435632
2015_08_06-10_24_32__10_24_34_V1438849472_002.mp4,21.632655173926953
2015_07_23-14_21_37__14_21_39_V1437654097_019.mp4,28.489202304406085
2015_07_23-14_18_38__14_18_40_V1437653918_022.mp4,25.896306612279258
2015_08_20-18_01_55__18_01_57_V1440086514_999.mp4,32.443889716602079
2015_07_22-16_34_07__16_34_09_V1437575647_019.mp4,24.195646954163585
2015_08_20-17_13_35__17_13_37_V1440083615_012.mp4,28.10373133081481
2015_08_20-17_34_53__17_34_55_V1440084893_015.mp4,16.098236400104767
2015_08_20-18_05_46__18_05_48_V1440086746_015.mp4,22.485570361683262
2015_07_22-16_48_37__16_48_39_V1437576516_998.mp4,30.806176527185205
2015_08_20-16_37_52__16_37_54_V1440081472_001.mp4,23.614431135307917
2015_08_13-09_21_20__09_21_22_V1439450480_015.mp4,34.870812015210589
2015_08_20-17_14_42__17_14_44_V1440083682_002.mp4,17.980245233115546
2015_07_22-16_41_20__16_41_22_V1437576079_993.mp4,39.358735340135674
2015_07_23-14_05_43__14_05_45_V1437653143_023.mp4,21.459050498479645
2015_07_23-13_36_48__13_36_50_V1437651407_998.mp4,32.112248416547544
2015_08_13-09_16_51__09_16_53_V1439450211_010.mp4,34.219288770029024
2015_07_22-16_19_29__16_19_31_V1437574769_008.mp4,17.211032864946098
2015_08_20-17_45_14__17_45_16_V1440085514_008.mp4,27.358976879410747
2015_08_13-09_49_58__09_50_00_V1439452198_021.mp4,17.687321700662409
2015_08_06-10_16_30__10_16_32_V1438848990_001.mp4,23.360456150652912
2015_08_20-16_50_37__16_50_39_V1440082237_009.mp4,19.102059596809983
2015_07_23-14_10_33__14_10_35_V1437653433_026.mp4,21.887399254330909
2015_08_20-17_49_44__17_49_46_V1440085784_020.mp4,21.744109615037363
2015_08_13-09_42_09__09_42_11_V1439451729_022.mp4,30.865145023624244
2015_08_20-18_36_06__18_36_08_V1440088565_996.mp4,29.987225776333396
2015_08_20-17_11_42__17_11_44_V1440083502_001.mp4,29.678788677410282
2015_08_20-18_55_32__18_55_34_V1440089732_014.mp4,25.013132517438404
2015_07_23-13_49_05__13_49_07_V1437652145_005.mp4,24.956525847944885
2015_08_13-08_54_56__08_54_58_V1439448896_015.mp4,21.869490812117331
2015_08_20-18_49_56__18_49_58_V1440089396_019.mp4,24.794927355700093
2015_08_13-09_16_27__09_16_29_V1439450187_010.mp4,23.485779088648236
2015_08_20-17_53_18__17_53_20_V1440085998_006.mp4,23.492607089334616
2015_08_19-18_02_41__18_02_43_V1440000160_994.mp4,31.77088520877129
2015_08_06-09_44_33__09_44_35_V1438847073_002.mp4,19.354650722623958
2015_08_20-16_43_31__16_43_33_V1440081811_028.mp4,25.30743916686626
2015_08_20-17_34_39__17_34_41_V1440084879_013.mp4,30.157657706380157
2015_08_20-16_47_29__16_47_31_V1440082049_008.mp4,31.173561160439636
2015_08_20-16_41_06__16_41_08_V1440081665_991.mp4,27.281540349836458
2015_08_06-09_54_22__09_54_24_V1438847662_012.mp4,17.712731212231382
