Video_Name,y_test,y_pred
2015_07_22-16_33_11__16_33_13_V1437575590_996.mp4,24.213949494142209,25.626697500232755
2015_08_20-17_15_01__17_15_03_V1440083700_995.mp4,28.973063679333517,23.717690144223383
2015_08_06-10_01_32__10_01_34_V1438848092_022.mp4,30.593839856637018,27.460713158936908
2015_08_20-18_50_01__18_50_03_V1440089401_019.mp4,18.681015461926364,19.526750380256367
2015_08_20-18_56_14__18_56_16_V1440089774_005.mp4,31.426784565157295,27.747062717635714
2015_07_23-13_42_06__13_42_08_V1437651725_996.mp4,29.524501535529357,25.417780814294726
2015_08_13-08_56_25__08_56_27_V1439448984_996.mp4,21.254057752916449,21.618613804844564
2015_07_22-16_28_45__16_28_47_V1437575325_026.mp4,23.324636576546869,19.668244266070609
2015_07_22-16_23_29__16_23_31_V1437575009_023.mp4,21.439575046076364,22.176488385476372
2015_08_13-09_20_41__09_20_43_V1439450441_024.mp4,31.87706616235582,28.059898739722815
2015_08_06-10_08_15__10_08_17_V1438848495_006.mp4,23.928239568843679,22.476322431417067
2015_08_20-17_44_21__17_44_23_V1440085461_020.mp4,25.607688695187491,24.427254622157506
2015_07_22-16_36_58__16_37_00_V1437575818_015.mp4,23.413413468093722,22.713841322916572
2015_08_06-10_24_43__10_24_45_V1438849482_999.mp4,27.25350399628233,29.926690795730323
2015_08_13-09_06_42__09_06_44_V1439449601_999.mp4,28.194625945709792,26.299505113192833
2015_08_13-09_14_49__09_14_51_V1439450088_998.mp4,21.377301174527645,23.728766319684343
2015_08_20-18_04_18__18_04_20_V1440086657_999.mp4,33.996026775320665,32.972717224303842
2015_08_20-18_06_18__18_06_20_V1440086778_008.mp4,27.198018111949878,26.522551694652492
2015_08_20-18_56_59__18_57_01_V1440089818_996.mp4,20.900642398839455,19.492755772868581
2015_07_22-16_34_25__16_34_27_V1437575665_014.mp4,25.58028872743855,23.086447530595088
2015_08_06-09_51_28__09_51_30_V1438847488_015.mp4,24.714984856645156,25.600591731731111
2015_08_06-10_08_27__10_08_29_V1438848507_002.mp4,29.710017993333995,26.413805474986702
2015_08_06-09_36_15__09_36_17_V1438846575_006.mp4,19.893189414018966,22.199138171284517
2015_07_22-16_33_15__16_33_17_V1437575594_996.mp4,19.164974649310942,22.347522945634982
2015_07_23-13_59_06__13_59_08_V1437652746_009.mp4,27.217350510970356,24.686229908523138
2015_08_20-18_08_30__18_08_32_V1440086910_012.mp4,29.843006860571275,26.278991056041654
2015_08_13-09_33_36__09_33_38_V1439451215_995.mp4,16.772733914591562,20.689227529105938
2015_08_20-18_57_08__18_57_10_V1440089827_994.mp4,14.989526910050836,20.782994623225914
2015_08_06-10_09_58__10_10_00_V1438848598_017.mp4,22.860883391318826,23.891488131769133
2015_08_13-09_33_39__09_33_41_V1439451218_994.mp4,16.953004891812739,20.007175167992784
2015_08_06-09_48_28__09_48_30_V1438847308_020.mp4,23.781095707139897,18.398508644585107
2015_07_23-13_34_36__13_34_38_V1437651276_026.mp4,21.756059120872298,23.295951608640397
2015_08_20-16_54_02__16_54_04_V1440082441_995.mp4,25.868120395264416,23.700965165723524
2015_08_06-09_39_41__09_39_43_V1438846780_997.mp4,19.401100456057069,20.116697833706986
2015_07_23-14_13_01__14_13_03_V1437653581_030.mp4,24.47269029861776,21.726020767983417
2015_08_06-09_43_14__09_43_16_V1438846994_019.mp4,22.952742694379637,22.638330134632621
2015_08_06-10_03_57__10_03_59_V1438848237_026.mp4,18.375443250372598,19.334633107726219
2015_08_20-16_44_33__16_44_35_V1440081873_020.mp4,26.337479082853243,23.483662572368715
2015_08_06-10_28_22__10_28_24_V1438849702_019.mp4,33.532534399687314,28.339158609814078
2015_08_20-18_27_48__18_27_50_V1440088068_003.mp4,20.480081732893602,23.780746718217436
2015_07_22-16_47_30__16_47_32_V1437576450_013.mp4,33.635175769372317,30.568027034413753
2015_08_06-10_18_29__10_18_31_V1438849109_011.mp4,35.30194993587692,24.282401182639383
2015_07_22-16_57_26__16_57_28_V1437577046_018.mp4,21.154138141693643,23.884408114207929
2015_08_06-09_48_16__09_48_18_V1438847295_995.mp4,21.60563630863949,19.830269189636613
2015_08_20-18_31_20__18_31_22_V1440088280_022.mp4,33.910866559542285,32.660738201641877
2015_07_22-16_49_35__16_49_37_V1437576575_019.mp4,16.759451758655679,19.277294812943399
2015_08_06-10_22_11__10_22_13_V1438849330_997.mp4,18.791166574705255,22.955129399000995
2015_08_20-16_51_24__16_51_26_V1440082284_025.mp4,25.275409444185655,26.188235178781959
2015_07_22-16_21_48__16_21_50_V1437574908_011.mp4,31.921384312753467,28.01020880843204
2015_08_20-16_50_24__16_50_26_V1440082224_006.mp4,26.137223745022929,25.733904762862647
2015_08_20-18_01_23__18_01_25_V1440086483_005.mp4,29.980158174408515,29.484880618904928
2015_08_20-16_56_55__16_56_57_V1440082615_026.mp4,19.551926851096312,22.287324303413907
2015_07_23-13_55_11__13_55_13_V1437652510_993.mp4,26.767116449140914,20.909737883610727
2015_08_06-10_30_32__10_30_34_V1438849832_026.mp4,24.252292339386027,25.401936624196189
2015_08_20-17_10_03__17_10_05_V1440083403_023.mp4,24.511887610112257,25.223833599965158
2015_08_13-08_53_00__08_53_02_V1439448780_005.mp4,31.072232269286665,31.428205148319147
2015_08_20-17_55_10__17_55_12_V1440086110_016.mp4,25.908698177500728,26.172602182411694
2015_07_23-13_31_45__13_31_47_V1437651104_996.mp4,25.906130456704282,22.922876629845359
2015_08_13-09_22_04__09_22_06_V1439450524_006.mp4,22.18423700741338,25.540004378539201
2015_08_20-16_45_53__16_45_55_V1440081953_004.mp4,21.745972122303804,22.873299437547765
2015_08_20-17_15_32__17_15_34_V1440083732_019.mp4,30.537975993913911,27.342790015627454
2015_08_06-10_08_52__10_08_54_V1438848531_997.mp4,28.178754331838118,22.882815879129634
2015_08_06-10_24_02__10_24_04_V1438849442_007.mp4,33.308370470228112,31.952049754072441
2015_08_13-09_41_45__09_41_47_V1439451705_029.mp4,21.174836733686146,21.742582735718948
2015_08_06-09_49_57__09_49_59_V1438847397_001.mp4,22.546917398100046,21.215241680165338
2015_08_06-10_04_48__10_04_50_V1438848288_015.mp4,22.371081973224555,23.301382605161201
2015_08_06-10_16_42__10_16_44_V1438849002_000.mp4,14.758615055270836,19.996055090705418
2015_07_23-13_30_47__13_30_49_V1437651047_011.mp4,22.823673960036302,22.7082662504775
2015_07_22-16_43_05__16_43_07_V1437576185_003.mp4,20.326467542917975,21.222583092886065
2015_07_22-16_57_15__16_57_17_V1437577035_020.mp4,26.498901172051355,26.824104571690675
2015_08_06-09_49_45__09_49_47_V1438847385_004.mp4,20.472567039407839,26.975783341586705
2015_08_20-17_33_28__17_33_30_V1440084808_027.mp4,26.985771824455725,25.140940088653586
2015_07_22-16_33_07__16_33_09_V1437575586_998.mp4,21.394487986622536,23.320361237629612
2015_08_13-09_31_59__09_32_01_V1439451119_014.mp4,25.85038400645972,25.520837441459584
2015_08_20-18_05_48__18_05_50_V1440086748_015.mp4,27.07753654690783,25.532316972725731
2015_07_22-16_38_11__16_38_13_V1437575891_002.mp4,26.445260598164829,27.354247552451678
2015_08_20-18_33_10__18_33_12_V1440088389_999.mp4,19.534060691043589,20.499251762659551
2015_08_06-10_28_15__10_28_17_V1438849695_021.mp4,23.062016684056001,21.936394808913469
2015_08_13-09_12_13__09_12_15_V1439449932_997.mp4,26.789799445333248,27.358604631881235
2015_08_06-10_19_26__10_19_28_V1438849165_999.mp4,16.418076614873236,18.422902293252733
2015_08_06-10_06_41__10_06_43_V1438848401_024.mp4,18.216000800959669,21.191456159331512
2015_08_13-09_47_52__09_47_54_V1439452072_015.mp4,27.220778536977022,25.667729198590216
2015_08_20-16_48_53__16_48_55_V1440082132_993.mp4,24.317208938487106,24.424784213155366
2015_08_13-08_56_16__08_56_18_V1439448975_998.mp4,21.720254445321999,22.481570894267279
2015_08_06-10_24_06__10_24_08_V1438849446_007.mp4,25.748032164254358,28.536880848570561
2015_08_20-17_10_55__17_10_57_V1440083455_011.mp4,22.95479546982985,25.053920691284397
2015_08_19-18_03_01__18_03_03_V1440000180_998.mp4,25.363193322359034,24.058273926892216
2015_08_06-10_30_46__10_30_48_V1438849846_023.mp4,22.966239573549615,19.20712940119763
2015_08_20-18_08_34__18_08_36_V1440086914_015.mp4,21.837095450494587,24.38800088987005
2015_08_06-10_17_57__10_17_59_V1438849077_017.mp4,19.683356331787763,20.827658478767681
2015_08_06-09_38_42__09_38_44_V1438846722_009.mp4,24.871435553419339,23.506120494679163
2015_08_06-09_55_21__09_55_23_V1438847721_000.mp4,21.131920373393509,22.442006815333656
2015_08_20-18_28_35__18_28_37_V1440088115_025.mp4,24.337394703247163,22.643207349151943
2015_08_20-18_43_54__18_43_56_V1440089033_998.mp4,20.038298720187182,21.663508468631992
2015_08_20-16_56_33__16_56_35_V1440082592_993.mp4,28.517461747071529,27.521471120915262
2015_07_23-13_41_03__13_41_05_V1437651663_010.mp4,23.534465769727383,25.26295003320455
2015_07_22-16_26_01__16_26_03_V1437575161_022.mp4,30.008059263382979,27.307594224178317
2015_08_20-18_04_10__18_04_12_V1440086650_001.mp4,21.502244202524974,25.404533916997053
2015_08_13-09_46_56__09_46_58_V1439452015_994.mp4,25.283438180558594,25.307303799664023
2015_08_20-17_10_45__17_10_47_V1440083445_015.mp4,31.953839839484775,31.480416533904215
2015_08_20-16_49_29__16_49_31_V1440082169_018.mp4,19.892819732718785,20.298154875200886
2015_08_20-17_13_47__17_13_49_V1440083627_012.mp4,31.191832246285632,30.48656425694994
2015_08_19-18_08_27__18_08_29_V1440000507_027.mp4,28.274364532853411,26.655719995283341
2015_08_06-09_49_30__09_49_32_V1438847370_008.mp4,22.361461838170843,26.547811620788309
2015_08_20-17_51_33__17_51_35_V1440085892_995.mp4,27.83358006989889,24.042302282874033
2015_08_20-17_20_37__17_20_39_V1440084037_022.mp4,29.463825691058855,30.97401814622533
2015_08_20-16_45_58__16_46_00_V1440081958_018.mp4,26.551580843329216,24.734612341116097
2015_08_20-16_51_33__16_51_35_V1440082293_023.mp4,25.431028769014947,24.148625317855867
2015_08_20-18_48_26__18_48_28_V1440089306_004.mp4,17.997239066446664,20.738941779936752
2015_08_06-09_51_24__09_51_26_V1438847484_016.mp4,19.969098197538958,20.294164110080537
2015_08_20-16_34_17__16_34_19_V1440081257_008.mp4,24.963047665563774,25.065304366278376
2015_08_13-09_28_37__09_28_39_V1439450917_029.mp4,23.147954009618541,25.050322312685694
2015_07_22-16_57_54__16_57_56_V1437577074_012.mp4,29.851303201787594,28.5656595442255
2015_08_20-17_49_05__17_49_07_V1440085744_995.mp4,32.37771294936973,27.350814939799086
2015_08_06-10_14_27__10_14_29_V1438848866_998.mp4,28.582211752191867,27.610758444953433
2015_08_13-09_02_30__09_02_32_V1439449350_019.mp4,21.921942104997829,28.274943808242938
2015_08_13-08_59_28__08_59_30_V1439449168_024.mp4,28.291212523635348,27.233581861862799
2015_07_22-16_26_06__16_26_08_V1437575166_023.mp4,23.642427045387748,26.939029060200589
2015_08_20-17_47_11__17_47_13_V1440085631_020.mp4,24.960037985887876,23.358323037431283
2015_08_13-09_30_15__09_30_17_V1439451015_008.mp4,11.996549712064645,13.650408411937477
2015_08_20-16_37_23__16_37_25_V1440081443_004.mp4,20.450737827782579,21.252437730042661
2015_07_22-16_42_00__16_42_02_V1437576120_016.mp4,22.436907665561225,20.893395323011493
2015_08_20-18_03_39__18_03_41_V1440086619_008.mp4,26.983415248549644,28.622091633243802
2015_08_06-09_45_25__09_45_27_V1438847125_026.mp4,25.054245921514202,30.330121655059596
2015_07_23-13_56_52__13_56_54_V1437652612_004.mp4,18.801721336295063,18.994295341247685
2015_08_06-10_29_50__10_29_52_V1438849790_001.mp4,23.54545230257192,28.051902969550447
2015_08_06-10_28_33__10_28_35_V1438849713_018.mp4,16.042462289425131,18.313475370072524
2015_08_20-17_15_16__17_15_18_V1440083715_994.mp4,34.470333965548555,30.934272413982391
2015_08_13-09_45_42__09_45_44_V1439451942_008.mp4,17.948646818808946,23.507707123860541
2015_08_06-09_52_36__09_52_38_V1438847556_002.mp4,32.295351003145832,26.653738142019808
2015_07_23-13_30_39__13_30_41_V1437651039_014.mp4,16.845782280713603,19.83372147981072
2015_08_20-16_55_42__16_55_44_V1440082542_006.mp4,27.759360603613949,25.515519419404171
2015_07_23-13_48_48__13_48_50_V1437652128_009.mp4,31.590800933847238,25.803534176744037
2015_07_22-16_30_42__16_30_44_V1437575441_995.mp4,25.581342188216471,26.42430639693405
2015_07_22-16_52_50__16_52_52_V1437576770_010.mp4,24.590148552944065,28.798966964877401
2015_08_20-18_34_37__18_34_39_V1440088477_015.mp4,26.851852212756679,24.181601072459962
2015_07_23-13_51_43__13_51_45_V1437652303_004.mp4,18.653400788669018,22.592907300855753
2015_08_13-09_04_53__09_04_55_V1439449493_022.mp4,36.445984458427638,32.244065984602173
2015_08_06-09_41_20__09_41_22_V1438846880_009.mp4,14.995533051069394,19.094316010376442
2015_08_13-09_44_19__09_44_21_V1439451858_994.mp4,20.719739978054992,21.891050364107976
2015_08_06-10_21_35__10_21_37_V1438849295_004.mp4,24.448496613121993,24.308794121848614
2015_07_22-16_49_20__16_49_22_V1437576560_022.mp4,33.121352181377105,30.00948192747466
2015_08_13-08_57_59__08_58_01_V1439449079_009.mp4,37.590891210924987,34.764758485035507
2015_08_06-10_16_56__10_16_58_V1438849015_996.mp4,18.896215441664339,21.29715623371451
2015_08_20-17_44_31__17_44_33_V1440085471_018.mp4,33.616263051315137,31.230752362612634
2015_07_23-14_14_13__14_14_15_V1437653653_013.mp4,25.4555746313494,26.702762066969129
2015_08_20-16_56_50__16_56_52_V1440082610_023.mp4,26.514890809306891,27.661151150268903
2015_08_06-09_41_37__09_41_39_V1438846897_005.mp4,23.281319449471429,25.389834497483758
2015_08_20-16_46_50__16_46_52_V1440082010_016.mp4,22.107589552016027,25.988248743529244
2015_08_06-10_11_11__10_11_13_V1438848671_001.mp4,22.891354108469418,23.790292849496581
2015_08_06-09_43_35__09_43_37_V1438847015_017.mp4,21.866306451697884,23.753882897202359
2015_08_06-10_08_22__10_08_24_V1438848502_004.mp4,27.360169184174612,26.231902405403282
2015_08_06-10_28_28__10_28_30_V1438849708_018.mp4,17.811778967526781,20.121978477127676
2015_08_06-09_41_45__09_41_47_V1438846905_006.mp4,22.533036384849893,20.571867748868637
2015_08_13-08_52_40__08_52_42_V1439448760_010.mp4,21.469943452341244,28.771763711882649
2015_08_13-09_19_13__09_19_15_V1439450353_010.mp4,26.808453798886248,27.080876170626098
2015_08_20-17_13_45__17_13_47_V1440083625_009.mp4,26.475207636313886,27.37321807203681
2015_07_22-16_47_48__16_47_50_V1437576468_008.mp4,24.590616102662651,20.913826076961424
2015_07_23-13_52_33__13_52_35_V1437652352_993.mp4,22.932338151481485,25.177352609568768
2015_07_22-16_48_20__16_48_22_V1437576500_001.mp4,24.065825286344314,25.97512819104066
2015_08_20-17_51_23__17_51_25_V1440085882_997.mp4,29.819436258240984,27.494374983022972
2015_07_23-13_45_05__13_45_07_V1437651904_997.mp4,28.204177098716666,25.788544801428152
2015_08_20-16_51_09__16_51_11_V1440082269_000.mp4,24.437880754724247,23.710207063272847
2015_07_23-14_03_41__14_03_43_V1437653021_017.mp4,31.185739072841098,31.692582831447332
2015_08_20-18_43_51__18_43_53_V1440089030_996.mp4,28.328891763721622,23.022152927424969
2015_08_06-09_38_36__09_38_38_V1438846716_010.mp4,17.018507043815742,22.181130327540956
2015_07_22-16_34_35__16_34_37_V1437575675_012.mp4,23.882963732127738,24.113991363739107
2015_07_23-14_23_34__14_23_36_V1437654214_029.mp4,23.452196683974442,24.541947773002107
2015_08_20-16_35_03__16_35_05_V1440081303_004.mp4,16.834401246272673,20.904328232459601
2015_08_20-17_09_45__17_09_47_V1440083385_033.mp4,27.491564461949398,27.793567968222568
2015_08_20-18_01_58__18_02_00_V1440086517_996.mp4,32.698062902997982,28.041276510613571
2015_08_13-09_19_25__09_19_27_V1439450365_006.mp4,33.76952602761299,27.498530723151465
2015_08_20-18_38_15__18_38_17_V1440088695_001.mp4,27.160368397133311,26.473881119140273
2015_07_23-13_40_02__13_40_04_V1437651602_023.mp4,29.537998041597792,29.951482472791586
2015_08_20-16_55_48__16_55_50_V1440082548_012.mp4,27.228293217603909,24.528462708492604
2015_07_22-16_58_08__16_58_10_V1437577088_008.mp4,25.43384084537313,23.95550886269276
2015_08_20-17_13_53__17_13_55_V1440083633_008.mp4,26.964437687347804,27.678941566535087
2015_07_22-16_25_48__16_25_50_V1437575148_025.mp4,21.966522948102742,26.161159138985546
2015_07_23-14_08_45__14_08_47_V1437653325_022.mp4,27.906852935221199,30.022981640574422
2015_08_20-18_56_56__18_56_58_V1440089815_996.mp4,24.389296813108711,25.268963335173236
2015_07_23-13_31_12__13_31_14_V1437651072_005.mp4,25.103971063249624,26.816754325729882
2015_08_13-09_46_49__09_46_51_V1439452008_995.mp4,23.500586148050083,22.317480295368661
2015_08_06-09_41_16__09_41_18_V1438846876_010.mp4,13.449535549777627,15.292872726145749
2015_08_20-17_36_38__17_36_40_V1440084998_019.mp4,36.488296962718515,31.689109718120015
2015_08_20-18_01_51__18_01_53_V1440086511_003.mp4,26.048868148110429,25.61549497605963
2015_08_20-17_54_05__17_54_07_V1440086044_998.mp4,30.972608752888469,31.755445578533383
2015_08_06-09_50_12__09_50_14_V1438847411_997.mp4,21.396088786501334,23.218000786818219
2015_08_13-09_35_28__09_35_30_V1439451328_003.mp4,18.221389589865534,18.465007477116927
2015_08_13-09_15_20__09_15_22_V1439450120_026.mp4,21.569049947985306,21.786803766438908
2015_08_20-18_46_31__18_46_33_V1440089190_995.mp4,22.738528180092334,23.582580266541036
2015_08_13-09_40_01__09_40_03_V1439451601_013.mp4,24.943241548619493,24.252188671694103
2015_07_23-14_16_11__14_16_13_V1437653771_020.mp4,22.832905671193458,23.337737800068449
2015_07_23-14_20_13__14_20_15_V1437654013_001.mp4,26.019790087943754,27.273153668986367
2015_07_23-13_50_32__13_50_34_V1437652232_019.mp4,30.066884637027457,27.705973430528527
2015_08_20-16_43_28__16_43_30_V1440081808_030.mp4,26.445537565629358,22.696475865731841
2015_07_23-13_56_09__13_56_11_V1437652569_014.mp4,24.10851813104172,25.499819713312615
2015_08_20-16_38_28__16_38_30_V1440081508_024.mp4,20.693236201505592,25.265802079542432
2015_08_20-18_43_46__18_43_48_V1440089025_998.mp4,27.588408279596148,27.282924205403177
2015_08_13-09_15_09__09_15_11_V1439450109_027.mp4,25.87165158802522,29.954935068802257
2015_08_20-17_10_36__17_10_38_V1440083436_017.mp4,19.704164492192021,24.719965478838471
2015_08_06-10_26_33__10_26_35_V1438849593_012.mp4,20.096087148023475,22.897011495747442
2015_08_13-09_16_37__09_16_39_V1439450197_013.mp4,28.944029114768401,27.713868531708876
2015_08_20-18_27_00__18_27_02_V1440088020_011.mp4,35.733767429816957,32.038429690200502
2015_07_23-14_14_29__14_14_31_V1437653669_009.mp4,24.960621331057741,23.76096666209229
2015_07_22-16_23_07__16_23_09_V1437574986_993.mp4,25.751703011390223,28.327569971492974
2015_08_20-18_03_42__18_03_44_V1440086622_008.mp4,23.671061764256713,27.173815089598264
2015_08_20-16_47_25__16_47_27_V1440082045_009.mp4,27.332622194918606,25.704797200008276
2015_07_22-16_53_39__16_53_41_V1437576819_000.mp4,28.187611859359702,26.396047969137374
2015_08_20-16_48_27__16_48_29_V1440082106_997.mp4,24.267133896552021,24.92727536686284
2015_07_23-13_56_49__13_56_51_V1437652609_005.mp4,16.245342684943299,19.605939610104087
2015_08_06-10_05_52__10_05_54_V1438848352_001.mp4,21.241023644628498,17.995817149247841
2015_08_20-16_48_29__16_48_31_V1440082108_996.mp4,23.797081555774341,24.392081240207421
2015_08_20-17_41_57__17_41_59_V1440085317_016.mp4,22.876995577930824,21.986277333386322
2015_08_06-10_00_12__10_00_14_V1438848012_006.mp4,23.637415247000845,24.592744718249218
2015_08_20-17_56_54__17_56_56_V1440086214_027.mp4,25.487649526662064,21.407201753976796
2015_08_20-18_03_27__18_03_29_V1440086607_010.mp4,35.031312678555402,27.849701926893395
2015_08_19-18_03_45__18_03_47_V1440000225_019.mp4,34.22288092790167,27.995145584447958
2015_08_20-18_32_49__18_32_51_V1440088369_003.mp4,18.102580411193237,23.12012320615127
2015_08_20-18_40_09__18_40_11_V1440088809_013.mp4,20.251603617206037,24.729551952595017
2015_08_20-17_45_28__17_45_30_V1440085528_006.mp4,24.012759052325645,24.728524331044458
2015_07_22-16_56_49__16_56_51_V1437577008_998.mp4,21.532914886646484,23.016225170814749
2015_08_06-10_00_06__10_00_08_V1438848006_009.mp4,20.539800275374464,23.928556200976768
2015_08_20-17_51_47__17_51_49_V1440085907_027.mp4,32.648218828948011,28.751583733494918
2015_08_20-18_09_16__18_09_18_V1440086956_003.mp4,27.987922013876098,24.938819252148519
2015_08_06-09_45_33__09_45_35_V1438847133_028.mp4,24.179506557887137,27.264539726989398
2015_08_06-10_11_53__10_11_55_V1438848712_993.mp4,20.040931322951913,20.602592533857862
2015_07_22-16_28_41__16_28_43_V1437575321_021.mp4,18.855322143693268,17.125042361926464
2015_08_20-18_04_23__18_04_25_V1440086662_998.mp4,31.200403353098487,27.446926457332218
2015_08_20-18_01_42__18_01_44_V1440086502_001.mp4,34.451585715379728,30.837774984132558
2015_08_13-09_09_42__09_09_44_V1439449781_997.mp4,18.744163183309258,21.4264502052221
2015_08_06-10_18_16__10_18_18_V1438849096_013.mp4,24.561875392031162,26.208668844352935
2015_08_06-10_18_54__10_18_56_V1438849134_005.mp4,25.122878921271717,21.17524824460688
2015_08_06-10_01_55__10_01_57_V1438848115_018.mp4,21.0520299707118,25.146213113585098
2015_08_06-10_12_00__10_12_02_V1438848719_996.mp4,32.854338977153247,28.692560698919099
2015_08_20-17_51_44__17_51_46_V1440085904_026.mp4,27.699010009682887,25.166752879214332
2015_08_13-09_06_18__09_06_20_V1439449578_005.mp4,41.381875200509128,33.465598022059048
2015_07_22-16_48_25__16_48_27_V1437576505_000.mp4,28.793048263901724,27.412645009022583
2015_08_06-10_02_09__10_02_11_V1438848129_015.mp4,26.413887247867372,27.303016087636568
2015_07_22-16_56_47__16_56_49_V1437577006_994.mp4,24.103637779012178,24.317934741578011
2015_08_06-09_45_43__09_45_45_V1438847143_028.mp4,31.50815339960646,28.62806059523151
2015_08_13-09_28_40__09_28_42_V1439450920_023.mp4,31.278576609472719,28.100023326361832
2015_08_20-17_11_09__17_11_11_V1440083469_008.mp4,28.172584292029939,23.208128163493267
2015_08_06-10_20_19__10_20_21_V1438849219_021.mp4,28.27804142086843,30.640479271345157
2015_08_06-10_22_21__10_22_23_V1438849340_995.mp4,24.493964864526578,26.233943713218917
2015_08_06-09_44_25__09_44_27_V1438847065_004.mp4,21.436988884929953,21.853323371309052
2015_08_20-16_45_18__16_45_20_V1440081918_005.mp4,27.504933064840628,22.974908559306417
2015_08_20-17_10_10__17_10_12_V1440083410_023.mp4,30.290818527078937,31.921964901701273
2015_07_22-16_24_41__16_24_43_V1437575081_012.mp4,25.327175753592108,26.468408642359591
2015_08_20-16_46_43__16_46_45_V1440082002_996.mp4,34.515106410751017,30.977118798989707
2015_08_20-18_56_49__18_56_51_V1440089809_000.mp4,20.464939625365258,21.488500953629345
2015_07_22-16_30_27__16_30_29_V1437575426_999.mp4,21.784474747017093,23.559083717961016
2015_07_22-16_26_59__16_27_01_V1437575219_010.mp4,28.819838026528014,26.876239389230644
2015_08_13-09_38_03__09_38_05_V1439451483_005.mp4,22.345966688467964,22.734353902989277
2015_08_13-09_23_11__09_23_13_V1439450591_026.mp4,25.984680889268393,28.110440827370457
2015_08_20-17_11_56__17_11_58_V1440083515_999.mp4,21.773548075358939,23.52781717916826
2015_08_20-17_35_18__17_35_20_V1440084918_004.mp4,31.855357615114777,26.788406057086348
2015_08_20-18_33_12__18_33_14_V1440088391_999.mp4,20.940289894202433,21.741447619146708
2015_07_23-13_51_35__13_51_37_V1437652295_006.mp4,22.892418682996766,26.993280987592321
2015_08_13-09_07_30__09_07_32_V1439449650_023.mp4,21.92101852562563,26.102437452051213
2015_07_23-14_17_14__14_17_16_V1437653834_006.mp4,22.192792214667595,20.868375073714489
2015_08_20-18_32_52__18_32_54_V1440088372_005.mp4,25.318429426591379,27.846602773504827
2015_07_23-14_22_49__14_22_51_V1437654169_001.mp4,30.647965523871058,28.990600262961113
2015_07_23-14_01_29__14_01_31_V1437652889_014.mp4,22.676276286957513,25.749442186425807
2015_08_06-10_10_29__10_10_31_V1438848629_012.mp4,27.954347476578633,26.475165847994706
2015_08_20-17_53_23__17_53_25_V1440086003_005.mp4,19.156315101870852,21.939062682678564
2015_08_20-18_37_02__18_37_04_V1440088622_017.mp4,26.309328776214077,26.985207587789439
2015_08_20-18_08_55__18_08_57_V1440086935_009.mp4,32.273400039533257,30.828286230906805
2015_08_06-09_48_41__09_48_43_V1438847321_017.mp4,16.698085432668709,19.820913150944545
2015_08_20-16_38_18__16_38_20_V1440081497_995.mp4,33.653593184821027,29.101375159501263
2015_08_13-09_47_55__09_47_57_V1439452075_013.mp4,20.877387330583801,22.249361122384393
2015_07_22-16_48_27__16_48_29_V1437576507_000.mp4,24.897367255636308,25.435759253391488
2015_08_20-17_41_39__17_41_41_V1440085299_021.mp4,19.151105390800886,17.339353473426883
2015_07_22-16_56_26__16_56_28_V1437576985_997.mp4,30.073433374322953,27.366871267526093
2015_08_06-09_36_22__09_36_24_V1438846582_004.mp4,29.101038884326837,25.104244130407984
2015_07_22-16_55_55__16_55_57_V1437576955_003.mp4,24.814625222736883,26.910949607770213
2015_08_13-09_32_09__09_32_11_V1439451129_012.mp4,29.2949072460233,26.922363446493165
2015_08_06-10_08_10__10_08_12_V1438848490_006.mp4,20.743733435514176,25.001185795333814
2015_07_22-16_27_13__16_27_15_V1437575233_007.mp4,28.090493542515443,29.931200266160182
2015_08_13-08_55_49__08_55_51_V1439448949_003.mp4,32.477076776458937,31.441025438679006
2015_08_13-09_19_55__09_19_57_V1439450394_999.mp4,22.000897273783146,26.014842523904051
2015_08_20-19_00_00__19_00_02_V1440090000_024.mp4,30.042084431945963,24.876039692602959
2015_08_20-18_30_37__18_30_39_V1440088236_998.mp4,26.93131826946065,26.411252251032678
2015_08_20-18_51_14__18_51_16_V1440089474_003.mp4,28.242047984712826,28.673426113472868
2015_08_06-10_21_53__10_21_55_V1438849313_001.mp4,28.704830634160814,24.718731829840362
2015_08_13-09_07_14__09_07_16_V1439449634_026.mp4,18.656311981016021,21.733159535195167
2015_08_13-08_55_41__08_55_43_V1439448941_005.mp4,21.197986688146074,22.678830583228663
2015_08_20-18_56_47__18_56_49_V1440089806_998.mp4,22.808681016420795,22.108662090086842
2015_08_06-10_11_01__10_11_03_V1438848661_003.mp4,22.669070288666134,22.837656006970249
2015_08_13-09_44_23__09_44_25_V1439451862_999.mp4,24.187405333757837,22.622480002578516
2015_08_20-18_48_14__18_48_16_V1440089294_007.mp4,34.369594698090751,30.12708823722577
2015_08_20-17_51_18__17_51_20_V1440085877_998.mp4,33.776432286342803,27.263335022363485
2015_08_20-18_42_58__18_43_00_V1440088978_008.mp4,28.933408492390516,26.238732495835315
2015_08_13-09_47_46__09_47_48_V1439452066_016.mp4,28.260352143406219,26.01693314359883
2015_08_13-09_21_10__09_21_12_V1439450470_017.mp4,23.94056462765662,20.774094605227972
2015_08_20-18_09_19__18_09_21_V1440086959_002.mp4,23.874515041087339,20.95194804215167
2015_08_20-18_58_24__18_58_26_V1440089904_011.mp4,17.121663307155643,20.843200046183643
2015_08_06-09_57_57__09_57_59_V1438847877_001.mp4,21.852504730886075,23.136367048296883
2015_07_23-13_51_37__13_51_39_V1437652297_005.mp4,26.141265563363909,25.500814604493211
2015_08_20-16_44_22__16_44_24_V1440081862_018.mp4,28.838993553685413,28.902267812692173
2015_08_13-08_55_12__08_55_14_V1439448912_011.mp4,25.047389880433919,26.274455836036495
2015_08_06-09_44_55__09_44_57_V1438847094_997.mp4,23.900952113875174,25.736984398997745
2015_08_13-09_12_35__09_12_37_V1439449955_025.mp4,25.552271471742834,29.00245352007607
2015_07_22-16_38_26__16_38_28_V1437575905_995.mp4,23.412705659103171,20.312699330060941
2015_08_20-18_01_36__18_01_38_V1440086496_003.mp4,28.953423407527787,25.882807918631926
2015_08_13-09_45_38__09_45_40_V1439451938_009.mp4,16.213285193656183,21.667527824403638
2015_07_22-16_41_28__16_41_30_V1437576088_024.mp4,28.552388457313945,29.143277816708078
2015_08_19-18_03_42__18_03_44_V1440000222_023.mp4,31.744486513572724,27.727359994346251
2015_07_22-16_56_09__16_56_11_V1437576969_001.mp4,31.075632258433778,28.659629560139248
2015_08_13-09_41_58__09_42_00_V1439451718_023.mp4,29.218402910088674,32.646296488790853
2015_08_13-09_47_43__09_47_45_V1439452063_017.mp4,32.815233016941782,29.990888905387159
2015_08_20-16_55_45__16_55_47_V1440082545_007.mp4,28.283065618197121,24.532637427379584
2015_08_06-10_15_39__10_15_41_V1438848939_012.mp4,27.552087975109458,27.71875999241648
2015_07_23-14_12_31__14_12_33_V1437653551_001.mp4,25.136542260954268,26.854337741420863
2015_08_13-09_15_12__09_15_14_V1439450112_036.mp4,20.404758494289396,22.156528516550914
2015_07_22-16_57_49__16_57_51_V1437577069_012.mp4,20.28148393843426,22.261947396241062
2015_07_23-13_36_53__13_36_55_V1437651412_997.mp4,15.997597153192691,18.613090016530478
2015_08_06-10_21_39__10_21_41_V1438849299_004.mp4,21.653624419323506,22.076323073117653
2015_08_20-18_40_27__18_40_29_V1440088827_011.mp4,23.320297314565877,24.403988261846628
2015_08_13-09_01_05__09_01_07_V1439449265_005.mp4,27.589980415516752,26.787036181813765
2015_08_13-09_48_57__09_48_59_V1439452137_001.mp4,20.091909662808458,21.093045012693814
2015_08_13-09_03_58__09_04_00_V1439449438_006.mp4,30.502375805614655,30.986708034446472
2015_07_22-16_33_04__16_33_06_V1437575583_998.mp4,25.488085064169947,25.784878781526913
2015_08_13-09_43_27__09_43_29_V1439451807_006.mp4,17.417723042594901,21.65567501220605
2015_07_23-14_09_31__14_09_33_V1437653371_012.mp4,22.673261880281292,23.052780923348912
2015_08_13-09_41_41__09_41_43_V1439451700_992.mp4,22.166684137065282,23.348482906345275
2015_07_22-16_53_29__16_53_31_V1437576809_002.mp4,24.231748035475146,23.923813965120591
2015_08_06-09_36_25__09_36_27_V1438846585_004.mp4,22.565853533759469,23.684988694706181
2015_07_23-14_05_36__14_05_38_V1437653135_994.mp4,33.319793313943713,33.192959881678675
2015_07_22-16_37_09__16_37_11_V1437575829_013.mp4,17.93444933538381,21.48034152612324
2015_08_13-09_14_56__09_14_58_V1439450095_997.mp4,15.117548668298843,17.596260555036864
2015_08_20-17_52_11__17_52_13_V1440085931_020.mp4,25.394046398720231,25.896917555882244
2015_08_13-09_16_19__09_16_21_V1439450179_013.mp4,26.774902981564129,25.085402477399455
2015_08_20-17_49_08__17_49_10_V1440085747_995.mp4,27.209880441030244,28.951478295798342
2015_08_20-18_08_25__18_08_27_V1440086905_015.mp4,26.761749532053919,24.233563206806139
2015_08_06-10_13_55__10_13_57_V1438848835_002.mp4,23.43291193462915,25.723883419474173
2015_08_06-09_59_52__09_59_54_V1438847992_010.mp4,20.778151867290941,20.695405671997491
2015_08_13-08_55_20__08_55_22_V1439448920_010.mp4,40.012818474156958,30.706139930033356
2015_08_20-17_50_13__17_50_15_V1440085813_012.mp4,30.511173504565988,29.517297157043217
2015_08_20-18_38_48__18_38_50_V1440088728_031.mp4,24.529614855356936,24.426853169245927
2015_08_20-18_49_42__18_49_44_V1440089382_022.mp4,24.980530981023701,23.318284247005437
2015_08_20-16_54_24__16_54_26_V1440082464_025.mp4,22.905898896136772,23.625850616784017
2015_08_20-17_33_58__17_34_00_V1440084838_021.mp4,27.514544836965459,26.516604654032626
2015_07_22-16_32_51__16_32_53_V1437575571_001.mp4,22.33541801392116,23.861454317975085
2015_08_20-17_43_36__17_43_38_V1440085415_996.mp4,31.7609755840177,32.044407949103253
2015_08_13-09_07_02__09_07_04_V1439449621_995.mp4,28.090191048579189,29.992165841319576
2015_07_22-16_42_29__16_42_31_V1437576149_011.mp4,29.980936535971924,30.024676608060048
2015_08_20-16_50_21__16_50_23_V1440082221_005.mp4,26.325116660417777,25.324846437477913
2015_08_20-17_12_04__17_12_06_V1440083523_998.mp4,32.353726608490469,29.925597509445772
2015_08_20-18_34_10__18_34_12_V1440088450_025.mp4,26.033964504632415,24.25883709438331
2015_08_20-17_53_58__17_54_00_V1440086037_998.mp4,30.061416687190622,32.85847752366621
2015_07_23-13_49_52__13_49_54_V1437652191_994.mp4,23.943199987670553,23.446301843286161
2015_08_20-17_46_16__17_46_18_V1440085575_996.mp4,25.621721866618877,19.409119411266964
2015_08_06-09_36_59__09_37_01_V1438846618_997.mp4,21.533344196600591,23.161950176170471
2015_08_06-10_11_17__10_11_19_V1438848677_000.mp4,23.311607837995947,22.60282659412487
2015_08_20-17_14_36__17_14_38_V1440083676_005.mp4,28.194222433055955,29.233290654505979
2015_07_23-14_14_04__14_14_06_V1437653644_014.mp4,20.432684077010773,19.785010751181623
2015_07_22-16_57_33__16_57_35_V1437577053_016.mp4,27.643194866848674,25.344653724307111
2015_08_20-17_51_31__17_51_33_V1440085890_996.mp4,23.492536202109967,22.000565434653097
2015_08_13-08_55_01__08_55_03_V1439448901_013.mp4,23.960902943175778,26.091868077607643
2015_08_13-09_27_22__09_27_24_V1439450842_006.mp4,18.683689082838868,15.688735038493487
2015_08_06-10_06_04__10_06_06_V1438848364_001.mp4,22.648694908895649,20.790441516598683
2015_07_23-13_34_43__13_34_45_V1437651283_025.mp4,20.477279615045408,18.78519310563534
2015_08_13-09_22_29__09_22_31_V1439450549_000.mp4,28.627011225051735,26.640240374835017
2015_07_22-16_49_53__16_49_55_V1437576593_015.mp4,20.59766720438969,21.564536203901273
2015_08_06-09_36_38__09_36_40_V1438846598_001.mp4,24.475879506454149,26.361463452491861
2015_08_20-17_44_27__17_44_29_V1440085467_020.mp4,25.29895827435741,26.806209523500705
2015_08_13-09_22_01__09_22_03_V1439450521_007.mp4,25.103800184184699,25.878778673535034
2015_07_23-13_37_15__13_37_17_V1437651435_025.mp4,22.049959322794848,21.098229783027012
2015_08_06-09_42_46__09_42_48_V1438846966_024.mp4,21.107303750408569,22.791242807782709
2015_08_06-09_49_52__09_49_54_V1438847392_002.mp4,21.496474807162244,21.168792702123749
2015_08_13-09_18_20__09_18_22_V1439450300_021.mp4,21.589213244158984,20.675004222717181
2015_08_20-16_56_07__16_56_09_V1440082567_006.mp4,20.819524395335581,22.212517791066407
2015_08_20-17_20_50__17_20_52_V1440084050_021.mp4,29.855909149206504,30.577175261652673
2015_08_20-17_50_51__17_50_53_V1440085851_004.mp4,31.331616176857736,31.737278661509841
2015_08_20-16_55_57__16_55_59_V1440082557_008.mp4,22.934961746190911,21.790463445916082
2015_08_20-17_34_08__17_34_10_V1440084848_018.mp4,23.729485209832575,23.01545118454958
2015_07_22-16_48_31__16_48_33_V1437576511_000.mp4,28.234166476620874,26.22996616655702
2015_08_06-09_57_50__09_57_52_V1438847870_003.mp4,28.149728436013955,30.589741569712025
2015_08_20-18_34_26__18_34_28_V1440088466_016.mp4,20.886129196814402,21.553898145015879
2015_07_22-16_23_50__16_23_52_V1437575030_018.mp4,28.380747744914778,26.700016724075535
2015_08_20-17_49_02__17_49_04_V1440085741_997.mp4,28.179944029284833,23.730381087076964
2015_08_20-16_38_11__16_38_13_V1440081490_992.mp4,29.114303837955497,27.237281514629004
2015_07_22-16_40_16__16_40_18_V1437576016_006.mp4,20.837586880683546,24.107737604803035
2015_08_20-18_04_56__18_04_58_V1440086696_024.mp4,21.330322133620285,23.795137511075051
2015_08_19-18_03_37__18_03_39_V1440000217_022.mp4,27.733934987126815,22.645128736759332
2015_07_22-16_43_14__16_43_16_V1437576194_001.mp4,27.514345770512531,27.567515526824266
2015_08_13-09_19_48__09_19_50_V1439450388_001.mp4,22.20705772422345,21.095776050681771
2015_08_20-16_37_59__16_38_01_V1440081478_995.mp4,20.518108917601285,21.739757591610168
2015_08_06-09_56_10__09_56_12_V1438847770_023.mp4,21.980857750443338,21.850702783820484
2015_07_23-13_40_12__13_40_14_V1437651612_021.mp4,26.932519489109758,22.248675517012568
2015_08_06-10_17_03__10_17_05_V1438849022_995.mp4,20.794709466326808,18.670566167110508
2015_08_20-18_37_31__18_37_33_V1440088651_011.mp4,25.035383557003172,27.56728288972905
2015_08_20-17_15_09__17_15_11_V1440083709_025.mp4,30.639359388336185,26.650025446092911
2015_08_20-18_01_47__18_01_49_V1440086506_998.mp4,30.416923417555431,30.576525919761096
2015_08_20-18_40_06__18_40_08_V1440088806_010.mp4,22.529012048946726,20.568544605414431
2015_08_20-17_50_28__17_50_30_V1440085828_009.mp4,29.149753388861171,29.369698635455716
2015_07_23-14_04_04__14_04_06_V1437653044_011.mp4,31.509031416575699,27.002942617064281
2015_08_06-09_52_09__09_52_11_V1438847529_009.mp4,26.579007583068574,21.53169848929554
2015_08_13-09_02_59__09_03_01_V1439449379_015.mp4,17.626362980149057,19.640297558635652
2015_08_20-18_04_40__18_04_42_V1440086679_996.mp4,20.694275938867332,19.340419341024429
2015_08_06-10_14_30__10_14_32_V1438848869_996.mp4,28.365778963549189,28.070649834490577
2015_08_06-10_18_42__10_18_44_V1438849122_010.mp4,27.408267680062483,22.687851431656995
2015_08_13-08_59_12__08_59_14_V1439449152_028.mp4,20.043228017428579,20.347479746956015
2015_07_23-13_33_39__13_33_41_V1437651219_005.mp4,30.502688595958517,30.65898169472738
2015_08_19-18_03_04__18_03_06_V1440000184_001.mp4,26.592318977467002,24.610641908056845
2015_08_13-09_35_10__09_35_12_V1439451310_008.mp4,20.073407465116802,21.98120300192971
2015_08_20-16_37_19__16_37_21_V1440081439_003.mp4,25.731247176896826,26.41586957160829
2015_07_22-16_32_02__16_32_04_V1437575522_011.mp4,25.724651910226477,22.229872231938103
2015_08_13-09_30_50__09_30_52_V1439451049_996.mp4,34.793868785953322,27.005397939258206
2015_08_20-17_14_59__17_15_01_V1440083698_993.mp4,26.083305796241739,25.043535849946544
2015_08_20-17_10_48__17_10_50_V1440083448_014.mp4,28.482897018813713,27.092769641769699
2015_07_22-16_42_32__16_42_34_V1437576152_009.mp4,24.091181269876881,27.287254850832078
2015_07_22-16_33_02__16_33_04_V1437575581_999.mp4,23.392147640447135,24.672129684336852
2015_08_06-10_18_38__10_18_40_V1438849118_008.mp4,29.380812263343085,26.666749495130695
2015_08_20-18_47_44__18_47_46_V1440089264_013.mp4,28.536492870309331,27.31160522239837
2015_08_06-09_57_53__09_57_55_V1438847873_001.mp4,29.682693526260188,28.037555144553721
2015_08_13-09_12_57__09_12_59_V1439449977_021.mp4,30.128311834858316,30.066521088262185
2015_08_13-09_02_11__09_02_13_V1439449331_026.mp4,29.859069894933217,29.163613667817678
2015_07_23-14_03_44__14_03_46_V1437653024_017.mp4,26.15320621947512,24.923303963845161
2015_08_06-10_19_42__10_19_44_V1438849181_997.mp4,20.390777796527573,21.258883583386787
2015_08_20-17_46_33__17_46_35_V1440085593_026.mp4,17.623350481914805,20.291122649542277
2015_08_06-10_23_54__10_23_56_V1438849434_009.mp4,22.15568465386988,25.560400724456322
2015_07_22-16_19_47__16_19_49_V1437574787_003.mp4,21.257150151205963,21.403752121856076
2015_08_20-16_55_54__16_55_56_V1440082554_003.mp4,25.129082690405106,25.857159006207581
2015_07_23-13_44_51__13_44_53_V1437651891_026.mp4,31.756830203667636,26.978491190295284
2015_08_20-17_16_18__17_16_20_V1440083778_015.mp4,27.352792657486614,25.898413789843875
2015_08_20-18_34_01__18_34_03_V1440088441_022.mp4,26.680171680139633,27.095921881847154
2015_08_06-10_27_58__10_28_00_V1438849677_993.mp4,21.120116591238148,23.204908601728508
2015_08_20-18_58_20__18_58_22_V1440089900_012.mp4,21.495141585353611,20.916796155298819
2015_08_06-09_59_49__09_59_51_V1438847989_013.mp4,20.54558832801688,22.764130656011858
2015_08_06-10_31_20__10_31_22_V1438849880_015.mp4,28.37107741873405,27.24690971958081
2015_07_23-14_13_56__14_13_58_V1437653636_016.mp4,24.026767056001951,27.153107492941317
2015_07_23-13_41_20__13_41_22_V1437651680_008.mp4,22.120432991762613,23.15280883158281
2015_08_13-09_04_00__09_04_02_V1439449440_000.mp4,26.415091160020598,30.364314930120241
2015_08_20-16_55_39__16_55_41_V1440082539_013.mp4,25.036365348684985,25.11719774424267
2015_08_20-17_53_40__17_53_42_V1440086020_001.mp4,22.940399147194388,21.828176825880103
2015_08_20-17_18_34__17_18_36_V1440083914_019.mp4,34.795941744298013,29.014799649978755
2015_08_20-17_40_36__17_40_38_V1440085236_001.mp4,24.309362896808352,24.997071543641873
2015_08_06-10_23_20__10_23_22_V1438849400_016.mp4,28.01039871593964,29.116059582774355
2015_08_06-09_38_02__09_38_04_V1438846682_018.mp4,22.574496361209324,20.524636006859996
2015_08_06-10_15_35__10_15_37_V1438848935_013.mp4,27.074871149138712,25.419085807892682
2015_07_22-16_52_18__16_52_20_V1437576738_017.mp4,23.198629177501392,22.609976428738435
2015_07_22-16_42_51__16_42_53_V1437576171_005.mp4,25.312809289236135,25.494513899324534
2015_07_23-14_06_28__14_06_30_V1437653188_013.mp4,24.274896566331577,24.777609094457318
2015_07_23-13_58_56__13_58_58_V1437652736_012.mp4,32.67773099928592,28.99529371120153
2015_08_20-17_45_24__17_45_26_V1440085524_007.mp4,25.161949219794192,28.355918926160509
2015_08_20-16_43_39__16_43_41_V1440081819_024.mp4,26.902168784000672,26.517505940188855
2015_08_20-16_51_40__16_51_42_V1440082300_023.mp4,34.939957597412025,29.222461189765006
2015_08_06-10_29_36__10_29_38_V1438849776_004.mp4,25.820835258099894,26.735813107478091
2015_08_06-09_39_07__09_39_09_V1438846747_003.mp4,22.69079395542547,22.419666997204963
2015_08_20-17_15_28__17_15_30_V1440083728_021.mp4,21.403764660516593,22.925234678012583
2015_07_23-14_22_03__14_22_05_V1437654123_011.mp4,21.114838194289145,22.686316071729532
2015_08_20-16_54_05__16_54_07_V1440082445_027.mp4,20.738639119802862,24.120908165854281
2015_08_20-18_04_25__18_04_27_V1440086664_998.mp4,30.46284354407587,31.931069438046727
2015_08_20-17_40_30__17_40_32_V1440085230_002.mp4,27.850131266560286,26.429083858233941
2015_08_20-17_52_29__17_52_31_V1440085949_016.mp4,29.122228082560344,29.272491373096102
2015_07_23-14_22_25__14_22_27_V1437654145_006.mp4,29.347011387518858,29.43366985970292
2015_08_20-17_15_04__17_15_06_V1440083703_994.mp4,26.088636089388064,28.322952033991253
2015_08_06-09_51_33__09_51_35_V1438847493_015.mp4,23.375324559604685,28.596853342539855
2015_08_06-10_19_56__10_19_58_V1438849196_025.mp4,28.614059023498907,30.461491062693952
2015_08_20-17_34_46__17_34_48_V1440084886_010.mp4,34.548810898829927,35.010133469930139
2015_08_20-16_46_41__16_46_43_V1440082001_019.mp4,31.42725355084206,30.116395336827672
2015_08_20-17_34_57__17_34_59_V1440084897_009.mp4,24.818815594672991,22.575659529355985
2015_08_20-16_51_28__16_51_30_V1440082287_993.mp4,18.12513525217247,19.031622214704413
2015_08_20-17_14_39__17_14_41_V1440083679_002.mp4,17.162775551103685,20.619352262682778
2015_08_20-17_41_32__17_41_34_V1440085292_022.mp4,26.912623045073431,18.451073662180399
2015_07_22-16_59_07__16_59_09_V1437577146_996.mp4,20.475761465650063,23.471290432642576
2015_07_23-14_17_54__14_17_56_V1437653873_998.mp4,27.63153650213404,27.073316012513764
2015_08_20-18_34_16__18_34_18_V1440088456_020.mp4,26.843397274899115,25.917003112596539
2015_08_13-09_47_58__09_48_00_V1439452078_013.mp4,20.12621619364273,19.523539045205645
2015_07_22-16_27_24__16_27_26_V1437575244_006.mp4,28.851250060208127,24.928642453998325
2015_07_23-13_40_05__13_40_07_V1437651605_021.mp4,24.510897969385741,26.35957046314137
2015_08_06-09_51_40__09_51_42_V1438847500_013.mp4,21.527785952593977,23.60556792792045
2015_08_06-09_45_12__09_45_14_V1438847111_993.mp4,21.655853925723576,23.957984422591672
2015_08_13-08_56_05__08_56_07_V1439448965_000.mp4,15.193264012220121,20.722428637857476
2015_08_20-18_49_53__18_49_55_V1440089393_021.mp4,21.046735446715417,23.016611256621264
2015_08_20-18_37_05__18_37_07_V1440088625_016.mp4,25.659909263792834,29.120771731861229
2015_07_22-16_54_31__16_54_33_V1437576871_021.mp4,31.678305394746921,29.90061482223571
2015_08_19-18_02_44__18_02_46_V1440000163_999.mp4,32.69929093077814,29.756226172753188
2015_08_13-08_59_49__08_59_51_V1439449189_019.mp4,30.70441121128496,27.305128855775159
2015_07_22-16_55_43__16_55_45_V1437576943_006.mp4,30.110690082893043,29.273928457233502
2015_08_20-18_27_56__18_27_58_V1440088076_001.mp4,31.250707254564499,30.081031512732341
2015_07_23-13_56_19__13_56_21_V1437652579_015.mp4,26.54483255424196,23.751689820792983
2015_08_13-09_42_02__09_42_04_V1439451722_024.mp4,22.375190816920956,25.850749159013962
2015_08_06-09_39_37__09_39_39_V1438846776_997.mp4,27.849406413825747,25.933373150988146
2015_08_13-09_45_55__09_45_57_V1439451955_006.mp4,23.782359140589197,24.681712568937591
2015_08_06-09_44_22__09_44_24_V1438847062_005.mp4,22.540406935804189,24.000550639360231
2015_08_13-09_07_43__09_07_45_V1439449663_020.mp4,24.860594007372324,25.762034675693371
2015_08_13-09_22_54__09_22_56_V1439450573_995.mp4,26.681921461790939,24.252024512611214
2015_08_20-16_45_23__16_45_25_V1440081923_005.mp4,25.939244895705855,23.687472074616501
2015_07_22-16_50_21__16_50_23_V1437576621_009.mp4,23.907138552619781,22.00924974275436
2015_08_20-17_16_34__17_16_36_V1440083794_009.mp4,31.280995478727903,32.111983847433663
2015_07_22-16_56_56__16_56_58_V1437577016_024.mp4,30.047822101899378,27.342266600319476
2015_08_20-18_04_52__18_04_54_V1440086692_027.mp4,17.949651327716477,18.616425358090986
2015_08_13-08_52_48__08_52_50_V1439448768_007.mp4,21.522090258520855,22.269569281592609
2015_07_22-16_54_27__16_54_29_V1437576867_023.mp4,31.277085944319683,31.923206060221215
2015_07_23-14_21_47__14_21_49_V1437654107_016.mp4,23.400014312100691,23.111456068259947
2015_08_20-16_35_15__16_35_17_V1440081314_997.mp4,28.910672819994343,23.738806293062737
2015_08_13-08_56_47__08_56_49_V1439449007_024.mp4,25.619452442105853,22.791003357931146
2015_07_23-13_31_53__13_31_55_V1437651112_996.mp4,24.202077553360525,24.973529722509682
2015_08_13-09_12_29__09_12_31_V1439449948_996.mp4,20.242964342475773,23.082140834091902
2015_08_20-18_51_04__18_51_06_V1440089464_005.mp4,28.622438111781271,31.25602994968251
2015_07_22-16_30_31__16_30_33_V1437575430_998.mp4,21.774679280177306,25.538168427687083
2015_07_22-16_42_36__16_42_38_V1437576156_008.mp4,22.100568918884246,25.088867472400686
2015_08_13-09_46_08__09_46_10_V1439451968_006.mp4,25.119023761542749,28.058161472330468
2015_07_23-14_14_33__14_14_35_V1437653673_008.mp4,27.680172886526982,27.340476355211923
2015_08_13-09_02_48__09_02_50_V1439449368_015.mp4,22.378439102625311,24.716089578281345
2015_08_20-18_08_22__18_08_24_V1440086902_015.mp4,29.562274747810175,26.225996994018885
2015_08_20-16_53_58__16_54_00_V1440082437_994.mp4,29.222753235705458,28.390533582567244
2015_07_23-13_43_55__13_43_57_V1437651835_009.mp4,19.316979340921861,23.897084064966098
2015_08_06-10_15_50__10_15_52_V1438848950_010.mp4,23.861721003436418,21.72749189890834
2015_08_06-10_19_38__10_19_40_V1438849177_996.mp4,25.817770403029112,25.429725292700223
2015_08_20-16_48_20__16_48_22_V1440082100_001.mp4,24.949682906716838,22.831990902933679
2015_08_20-16_44_39__16_44_41_V1440081879_015.mp4,26.310307631265712,26.646690637389362
2015_08_06-10_27_37__10_27_39_V1438849656_995.mp4,22.037289597016791,22.98863738692566
2015_08_06-10_16_35__10_16_37_V1438848995_002.mp4,27.46673698921407,26.425736064348861
2015_08_13-08_58_12__08_58_14_V1439449092_006.mp4,23.016824532208204,26.106040309295857
2015_08_20-18_38_39__18_38_41_V1440088718_997.mp4,28.147630422939883,26.286223779751616
2015_07_22-16_35_42__16_35_44_V1437575741_997.mp4,12.311457670844282,18.808539339946201
2015_07_23-13_39_46__13_39_48_V1437651586_026.mp4,23.925989005576131,23.763361478924359
2015_08_20-17_12_01__17_12_03_V1440083520_997.mp4,29.040532974684083,26.976393337884709
2015_08_13-09_22_27__09_22_29_V1439450547_001.mp4,25.587581097796534,26.292484317752006
2015_07_22-16_18_41__16_18_43_V1437574721_017.mp4,25.147527383570257,22.087042937992646
2015_08_13-09_18_18__09_18_20_V1439450298_020.mp4,26.17459384775773,25.424598160001434
2015_08_20-18_29_42__18_29_44_V1440088182_010.mp4,22.709894333447821,26.456465089415278
2015_08_20-17_09_55__17_09_57_V1440083395_024.mp4,22.234685955059518,23.570374362218477
2015_08_20-18_42_49__18_42_51_V1440088969_009.mp4,22.039143466925637,23.404289895090443
2015_07_22-16_52_28__16_52_30_V1437576748_014.mp4,25.771042252122367,23.026108747445026
2015_08_13-09_45_33__09_45_35_V1439451933_010.mp4,25.659245836483329,29.085785960669646
2015_08_13-08_56_55__08_56_57_V1439449015_022.mp4,26.974685947019925,26.628851697766393
2015_07_22-16_31_49__16_31_51_V1437575509_016.mp4,21.853942899287627,22.394888743698559
2015_08_20-17_33_26__17_33_28_V1440084806_001.mp4,26.612032138404878,24.913445827049863
2015_08_13-08_53_17__08_53_19_V1439448797_002.mp4,24.536231274691918,26.180521181488118
2015_08_06-10_07_54__10_07_56_V1438848474_010.mp4,24.249840180660886,27.093015428961742
2015_08_06-10_31_06__10_31_08_V1438849866_020.mp4,19.182172311990424,18.501093320448906
2015_08_20-17_43_33__17_43_35_V1440085412_997.mp4,29.116821430005043,31.316772027522468
2015_07_22-16_57_43__16_57_45_V1437577063_015.mp4,18.328912810055602,20.099928166959291
2015_08_06-09_51_48__09_51_50_V1438847508_011.mp4,21.86269311142723,22.579020417058064
2015_08_06-10_28_47__10_28_49_V1438849727_016.mp4,22.364184759454751,22.971427188814577
2015_08_20-17_34_03__17_34_05_V1440084843_020.mp4,20.061612881408642,21.693652701751272
2015_07_22-16_58_22__16_58_24_V1437577102_005.mp4,21.50924654160837,23.975308536639037
2015_07_23-13_31_19__13_31_21_V1437651079_001.mp4,27.62065501278455,25.577717866379103
2015_08_13-08_58_21__08_58_23_V1439449101_004.mp4,23.551333350965173,28.425499867502673
2015_08_13-09_32_45__09_32_47_V1439451165_005.mp4,21.255006191848288,22.769318495638288
2015_08_13-09_01_42__09_01_44_V1439449301_996.mp4,16.745175178496165,22.550599666107786
2015_07_23-13_58_16__13_58_18_V1437652696_020.mp4,29.6445728737751,23.95865070962115
2015_08_13-08_58_58__08_59_00_V1439449137_998.mp4,16.15463349700525,22.67585273642419
2015_08_13-08_58_19__08_58_21_V1439449099_005.mp4,23.321478665744454,24.46425844079824
2015_08_06-09_48_20__09_48_22_V1438847300_024.mp4,30.302721497754863,20.382357897938153
2015_07_22-16_59_12__16_59_14_V1437577152_028.mp4,22.889568427927781,20.883473925865154
2015_08_20-17_34_00__17_34_02_V1440084840_024.mp4,26.97047121069053,24.813079984320339
2015_08_13-09_19_30__09_19_32_V1439450370_006.mp4,27.436474059978114,29.918338489244441
2015_08_20-18_06_13__18_06_15_V1440086773_009.mp4,38.981707463850341,33.923377562226527
2015_08_20-16_57_11__16_57_13_V1440082631_019.mp4,29.796424547622713,30.137680857559772
2015_08_06-09_38_52__09_38_54_V1438846732_007.mp4,19.943183176176319,17.966129988631451
2015_07_23-14_08_49__14_08_51_V1437653329_021.mp4,26.059434274915599,27.257455624711795
2015_07_23-14_08_02__14_08_04_V1437653282_027.mp4,28.704302089481867,21.22347077537524
2015_08_13-09_32_32__09_32_34_V1439451152_007.mp4,21.647896710173164,21.521553150697478
2015_08_06-10_02_33__10_02_35_V1438848153_009.mp4,16.088903748334776,23.421118897086462
2015_08_13-08_55_24__08_55_26_V1439448924_011.mp4,24.240049710574336,26.352224618043337
2015_08_20-18_54_29__18_54_31_V1440089668_996.mp4,23.22551887885998,25.937846492407989
2015_08_20-18_05_03__18_05_05_V1440086703_023.mp4,31.656091649729852,30.90988841233348
2015_08_13-08_58_07__08_58_09_V1439449087_008.mp4,24.497828050109927,25.533810762282684
2015_08_20-18_31_59__18_32_01_V1440088319_015.mp4,21.490202559413742,22.440822088668959
2015_08_20-18_58_07__18_58_09_V1440089887_017.mp4,16.611980948741749,19.965156784503399
2015_08_20-17_11_59__17_12_01_V1440083518_999.mp4,24.485791102275272,23.700122225668864
2015_08_13-09_32_35__09_32_37_V1439451155_007.mp4,17.999061494161527,18.932083672097676
2015_08_13-09_19_37__09_19_39_V1439450377_003.mp4,27.368413824643763,26.999679809464851
2015_08_13-09_34_07__09_34_09_V1439451247_020.mp4,25.103411435485576,24.567089567542762
2015_07_23-13_33_56__13_33_58_V1437651236_003.mp4,26.792789228299284,28.382626648742491
2015_08_20-18_04_06__18_04_08_V1440086646_003.mp4,22.004917030460867,21.674094578349376
2015_07_22-16_23_46__16_23_48_V1437575026_021.mp4,21.86196340826325,25.466455307468905
2015_08_20-17_13_25__17_13_27_V1440083605_013.mp4,40.050767897543807,35.565320825470394
2015_08_20-19_00_03__19_00_05_V1440090003_024.mp4,31.150337159999356,26.831400724757817
2015_08_20-17_33_17__17_33_19_V1440084796_995.mp4,33.073486468943379,29.28842691231474
2015_07_22-16_38_35__16_38_37_V1437575915_030.mp4,23.552123956957711,23.701921962713126
2015_07_23-14_14_43__14_14_45_V1437653683_006.mp4,23.762314157107134,26.843606459707189
2015_08_20-17_49_12__17_49_14_V1440085752_026.mp4,23.623442900332368,23.770151533671459
2015_07_22-16_19_43__16_19_45_V1437574783_004.mp4,18.59378971264255,18.837712499725399
2015_08_20-17_11_40__17_11_42_V1440083500_001.mp4,31.873228185814725,27.696380771873912
2015_07_22-16_23_14__16_23_16_V1437574994_030.mp4,27.305248274712124,26.30371150201637
2015_08_13-09_20_45__09_20_47_V1439450445_023.mp4,23.284725542438455,25.82028990674366
2015_08_20-16_38_04__16_38_06_V1440081483_994.mp4,28.025544703914221,31.347505002361281
2015_07_23-13_44_57__13_44_59_V1437651896_994.mp4,30.001686210089584,26.97515695121362
2015_08_06-09_42_54__09_42_56_V1438846974_022.mp4,26.424124329989517,26.648938019925527
2015_08_20-18_58_44__18_58_46_V1440089924_007.mp4,17.97247839086355,21.967204296761356
2015_07_23-13_36_45__13_36_47_V1437651404_998.mp4,28.208801193718685,26.668739136896718
2015_07_22-16_42_57__16_42_59_V1437576177_004.mp4,22.054745665102082,21.236189410201398
2015_08_20-17_49_19__17_49_21_V1440085759_023.mp4,35.027463207607546,33.787984452869175
2015_07_22-16_30_34__16_30_36_V1437575434_002.mp4,24.940525376940194,26.729707757219302
2015_08_20-18_32_46__18_32_48_V1440088366_004.mp4,25.183018965987873,23.469419580226141
2015_08_06-09_41_03__09_41_05_V1438846863_013.mp4,17.208097591614397,22.04099382638983
2015_08_20-18_08_50__18_08_52_V1440086930_008.mp4,18.6176285967152,20.997176837404709
2015_07_23-13_45_00__13_45_02_V1437651900_025.mp4,22.139335711092322,26.989093184686865
2015_08_20-17_45_20__17_45_22_V1440085520_007.mp4,20.566917750666473,23.563175390154051
2015_08_20-18_37_40__18_37_42_V1440088660_008.mp4,25.391561856034556,30.046222662473568
2015_08_06-09_37_22__09_37_24_V1438846642_025.mp4,24.66002785527829,22.69925831431204
2015_08_20-17_15_55__17_15_57_V1440083755_017.mp4,29.765036372058642,30.909540812167887
2015_07_23-14_23_27__14_23_29_V1437654206_995.mp4,19.955723009869292,18.511680924571795
2015_08_20-16_45_26__16_45_28_V1440081926_005.mp4,22.140323420168137,20.274477156997982
2015_08_06-10_22_15__10_22_17_V1438849334_996.mp4,20.733581950984281,24.716541220805347
2015_08_13-09_09_45__09_09_47_V1439449784_994.mp4,30.148620279887989,27.65597549901857
2015_07_23-13_41_15__13_41_17_V1437651675_006.mp4,23.849382912138445,23.377188735759962
